Day,Source,Target,SNS Source,SNS Target
2020-11-03,TG__500,Bitchute__29,TG,Bitchute
2020-11-03,4Chan__1,Bitchute__33,4Chan,Bitchute
2020-11-02,Bitchute__47,Bitchute__6,Bitchute,Bitchute
2020-11-03,4Chan__1,Bitchute__68,4Chan,Bitchute
2020-11-03,4Chan__1,Bitchute__68,4Chan,Bitchute
2020-11-03,4Chan__1,Bitchute__154,4Chan,Bitchute
2020-11-03,4Chan__1,Bitchute__154,4Chan,Bitchute
2020-11-03,4Chan__1,Bitchute__154,4Chan,Bitchute
2020-11-03,4Chan__1,Bitchute__154,4Chan,Bitchute
2020-11-03,4Chan__1,Bitchute__154,4Chan,Bitchute
2020-11-03,4Chan__1,Bitchute__154,4Chan,Bitchute
2020-11-03,4Chan__1,Bitchute__154,4Chan,Bitchute
2020-11-03,Twitter__52,4Chan__1,Twitter,4Chan
2020-11-03,Twitter__52,4Chan__1,Twitter,4Chan
2020-11-03,Twitter__52,4Chan__1,Twitter,4Chan
2020-11-03,Twitter__52,4Chan__1,Twitter,4Chan
2020-11-03,Twitter__52,4Chan__1,Twitter,4Chan
2020-11-03,Twitter__52,4Chan__1,Twitter,4Chan
2020-11-03,Twitter__52,4Chan__1,Twitter,4Chan
2020-11-03,Twitter__52,4Chan__1,Twitter,4Chan
2020-11-03,Twitter__52,4Chan__1,Twitter,4Chan
2020-11-03,Twitter__52,4Chan__1,Twitter,4Chan
2020-11-03,Twitter__52,4Chan__1,Twitter,4Chan
2020-11-03,Twitter__52,4Chan__1,Twitter,4Chan
2020-11-03,Twitter__52,4Chan__1,Twitter,4Chan
2020-11-03,Twitter__52,4Chan__1,Twitter,4Chan
2020-11-03,Twitter__52,4Chan__1,Twitter,4Chan
2020-11-03,Twitter__52,4Chan__1,Twitter,4Chan
2020-11-03,Twitter__52,4Chan__1,Twitter,4Chan
2020-11-03,Twitter__52,4Chan__1,Twitter,4Chan
2020-11-02,Twitter__52,4Chan__1,Twitter,4Chan
2020-11-02,Twitter__52,4Chan__1,Twitter,4Chan
2020-11-01,Twitter__52,4Chan__1,Twitter,4Chan
2020-11-01,Twitter__52,4Chan__1,Twitter,4Chan
2020-11-01,Twitter__52,4Chan__1,Twitter,4Chan
2020-11-01,Twitter__52,4Chan__1,Twitter,4Chan
2020-11-01,Twitter__52,4Chan__1,Twitter,4Chan
2020-11-01,Twitter__52,4Chan__1,Twitter,4Chan
2020-11-01,Twitter__52,4Chan__1,Twitter,4Chan
2020-11-01,Twitter__52,4Chan__1,Twitter,4Chan
2020-11-01,4Chan__1,4Chan__1,4Chan,4Chan
2020-11-01,4Chan__1,4Chan__1,4Chan,4Chan
2020-11-01,4Chan__1,4Chan__1,4Chan,4Chan
2020-11-01,4Chan__1,4Chan__1,4Chan,4Chan
2020-11-01,4Chan__1,4Chan__1,4Chan,4Chan
2020-11-01,4Chan__1,4Chan__1,4Chan,4Chan
2020-11-01,4Chan__1,4Chan__1,4Chan,4Chan
2020-11-01,4Chan__1,4Chan__1,4Chan,4Chan
2020-11-03,4Chan__1,4Chan__1,4Chan,4Chan
2020-11-01,4Chan__1,Bitchute__68,4Chan,Bitchute
2020-11-03,4Chan__1,Bitchute__37,4Chan,Bitchute
2020-11-03,4Chan__1,Bitchute__37,4Chan,Bitchute
2020-11-03,4Chan__1,Bitchute__37,4Chan,Bitchute
2020-11-03,VK__212,TG__197,VK,TG
2020-11-01,TG__280,4Chan__1,TG,4Chan
2020-11-03,4Chan__1,4Chan__1,4Chan,4Chan
2020-11-03,4Chan__1,4Chan__1,4Chan,4Chan
2020-11-03,4Chan__1,4Chan__1,4Chan,4Chan
2020-11-03,4Chan__1,4Chan__1,4Chan,4Chan
2020-11-03,4Chan__1,4Chan__1,4Chan,4Chan
2020-11-03,4Chan__1,4Chan__1,4Chan,4Chan
2020-11-03,4Chan__1,4Chan__1,4Chan,4Chan
2020-11-03,4Chan__1,4Chan__1,4Chan,4Chan
2020-11-03,4Chan__1,4Chan__1,4Chan,4Chan
2020-11-03,4Chan__1,4Chan__1,4Chan,4Chan
2020-11-03,4Chan__1,4Chan__1,4Chan,4Chan
2020-11-03,4Chan__1,4Chan__1,4Chan,4Chan
2020-11-03,4Chan__1,4Chan__1,4Chan,4Chan
2020-11-03,4Chan__1,4Chan__1,4Chan,4Chan
2020-11-03,4Chan__1,4Chan__1,4Chan,4Chan
2020-11-03,4Chan__1,4Chan__1,4Chan,4Chan
2020-11-03,Gab__55,4Chan__1,Gab,4Chan
2020-11-03,4Chan__1,4Chan__1,4Chan,4Chan
2020-11-03,4Chan__1,4Chan__1,4Chan,4Chan
2020-11-03,4Chan__1,4Chan__1,4Chan,4Chan
2020-11-03,4Chan__1,4Chan__1,4Chan,4Chan
2020-11-03,4Chan__1,4Chan__1,4Chan,4Chan
2020-11-03,4Chan__1,4Chan__1,4Chan,4Chan
2020-11-03,4Chan__1,4Chan__1,4Chan,4Chan
2020-11-03,4Chan__1,4Chan__1,4Chan,4Chan
2020-11-03,4Chan__1,4Chan__1,4Chan,4Chan
2020-11-03,4Chan__1,4Chan__1,4Chan,4Chan
2020-11-03,4Chan__1,4Chan__1,4Chan,4Chan
2020-11-03,4Chan__1,4Chan__1,4Chan,4Chan
2020-11-03,4Chan__1,4Chan__1,4Chan,4Chan
2020-11-03,4Chan__1,4Chan__1,4Chan,4Chan
2020-11-03,4Chan__1,4Chan__1,4Chan,4Chan
2020-11-03,4Chan__1,4Chan__1,4Chan,4Chan
2020-11-03,4Chan__1,4Chan__1,4Chan,4Chan
2020-11-03,4Chan__1,4Chan__1,4Chan,4Chan
2020-11-03,4Chan__1,4Chan__1,4Chan,4Chan
2020-11-03,4Chan__1,4Chan__1,4Chan,4Chan
2020-11-03,4Chan__1,4Chan__1,4Chan,4Chan
2020-11-03,4Chan__1,4Chan__1,4Chan,4Chan
2020-11-03,4Chan__1,4Chan__1,4Chan,4Chan
2020-11-03,4Chan__1,4Chan__1,4Chan,4Chan
2020-11-03,4Chan__1,4Chan__1,4Chan,4Chan
2020-11-03,4Chan__1,4Chan__1,4Chan,4Chan
2020-11-03,4Chan__1,4Chan__1,4Chan,4Chan
2020-11-03,4Chan__1,4Chan__1,4Chan,4Chan
2020-11-03,4Chan__1,4Chan__1,4Chan,4Chan
2020-11-03,4Chan__1,4Chan__1,4Chan,4Chan
2020-11-03,4Chan__1,4Chan__1,4Chan,4Chan
2020-11-03,4Chan__1,4Chan__1,4Chan,4Chan
2020-11-03,4Chan__1,4Chan__1,4Chan,4Chan
2020-11-03,4Chan__1,4Chan__1,4Chan,4Chan
2020-11-03,4Chan__1,4Chan__1,4Chan,4Chan
2020-11-03,4Chan__1,4Chan__1,4Chan,4Chan
2020-11-03,4Chan__1,4Chan__1,4Chan,4Chan
2020-11-03,4Chan__1,4Chan__1,4Chan,4Chan
2020-11-03,4Chan__1,4Chan__1,4Chan,4Chan
2020-11-03,4Chan__1,4Chan__1,4Chan,4Chan
2020-11-03,4Chan__1,4Chan__1,4Chan,4Chan
2020-11-03,4Chan__1,4Chan__1,4Chan,4Chan
2020-11-03,4Chan__1,4Chan__1,4Chan,4Chan
2020-11-03,4Chan__1,4Chan__1,4Chan,4Chan
2020-11-03,4Chan__1,4Chan__1,4Chan,4Chan
2020-11-03,Gab__55,4Chan__1,Gab,4Chan
2020-11-03,4Chan__1,4Chan__1,4Chan,4Chan
2020-11-03,4Chan__1,4Chan__1,4Chan,4Chan
2020-11-03,4Chan__1,4Chan__1,4Chan,4Chan
2020-11-03,4Chan__1,4Chan__1,4Chan,4Chan
2020-11-03,4Chan__1,4Chan__1,4Chan,4Chan
2020-11-03,4Chan__1,4Chan__1,4Chan,4Chan
2020-11-03,4Chan__1,4Chan__1,4Chan,4Chan
2020-11-03,4Chan__1,4Chan__1,4Chan,4Chan
2020-11-03,4Chan__1,4Chan__1,4Chan,4Chan
2020-11-03,4Chan__1,4Chan__1,4Chan,4Chan
2020-11-03,4Chan__1,4Chan__1,4Chan,4Chan
2020-11-03,4Chan__1,4Chan__1,4Chan,4Chan
2020-11-03,4Chan__1,4Chan__1,4Chan,4Chan
2020-11-03,4Chan__1,4Chan__1,4Chan,4Chan
2020-11-03,4Chan__1,4Chan__1,4Chan,4Chan
2020-11-03,4Chan__1,4Chan__1,4Chan,4Chan
2020-11-03,4Chan__1,4Chan__1,4Chan,4Chan
2020-11-03,4Chan__1,4Chan__1,4Chan,4Chan
2020-11-03,4Chan__1,4Chan__1,4Chan,4Chan
2020-11-03,4Chan__1,4Chan__1,4Chan,4Chan
2020-11-03,4Chan__1,4Chan__1,4Chan,4Chan
2020-11-03,4Chan__1,4Chan__1,4Chan,4Chan
2020-11-03,4Chan__1,4Chan__1,4Chan,4Chan
2020-11-03,4Chan__1,4Chan__1,4Chan,4Chan
2020-11-03,4Chan__1,4Chan__1,4Chan,4Chan
2020-11-03,4Chan__1,4Chan__1,4Chan,4Chan
2020-11-03,4Chan__1,4Chan__1,4Chan,4Chan
2020-11-03,4Chan__1,4Chan__1,4Chan,4Chan
2020-11-03,4Chan__1,4Chan__1,4Chan,4Chan
2020-11-03,4Chan__1,4Chan__1,4Chan,4Chan
2020-11-03,4Chan__1,4Chan__1,4Chan,4Chan
2020-11-03,4Chan__1,4Chan__1,4Chan,4Chan
2020-11-03,4Chan__1,4Chan__1,4Chan,4Chan
2020-11-03,4Chan__1,4Chan__1,4Chan,4Chan
2020-11-03,4Chan__1,4Chan__1,4Chan,4Chan
2020-11-03,4Chan__1,4Chan__1,4Chan,4Chan
2020-11-03,4Chan__1,4Chan__1,4Chan,4Chan
2020-11-03,4Chan__1,4Chan__1,4Chan,4Chan
2020-11-03,4Chan__1,4Chan__1,4Chan,4Chan
2020-11-03,4Chan__1,4Chan__1,4Chan,4Chan
2020-11-03,4Chan__1,4Chan__1,4Chan,4Chan
2020-11-02,4Chan__1,4Chan__1,4Chan,4Chan
2020-11-02,4Chan__1,4Chan__1,4Chan,4Chan
2020-11-03,4Chan__1,4Chan__1,4Chan,4Chan
2020-11-03,4Chan__1,4Chan__1,4Chan,4Chan
2020-11-03,4Chan__1,4Chan__1,4Chan,4Chan
2020-11-03,4Chan__1,4Chan__1,4Chan,4Chan
2020-11-03,4Chan__1,4Chan__1,4Chan,4Chan
2020-11-03,4Chan__1,4Chan__1,4Chan,4Chan
2020-11-03,4Chan__1,4Chan__1,4Chan,4Chan
2020-11-03,4Chan__1,4Chan__1,4Chan,4Chan
2020-11-03,4Chan__1,4Chan__1,4Chan,4Chan
2020-11-03,4Chan__1,4Chan__1,4Chan,4Chan
2020-11-03,4Chan__1,4Chan__1,4Chan,4Chan
2020-11-03,4Chan__1,4Chan__1,4Chan,4Chan
2020-11-03,4Chan__1,4Chan__1,4Chan,4Chan
2020-11-03,4Chan__1,4Chan__1,4Chan,4Chan
2020-11-02,4Chan__1,4Chan__1,4Chan,4Chan
2020-11-02,4Chan__1,4Chan__1,4Chan,4Chan
2020-11-02,4Chan__1,4Chan__1,4Chan,4Chan
2020-11-02,4Chan__1,4Chan__1,4Chan,4Chan
2020-11-02,4Chan__1,4Chan__1,4Chan,4Chan
2020-11-02,4Chan__1,4Chan__1,4Chan,4Chan
2020-11-02,4Chan__1,4Chan__1,4Chan,4Chan
2020-11-02,4Chan__1,4Chan__1,4Chan,4Chan
2020-11-02,4Chan__1,4Chan__1,4Chan,4Chan
2020-11-02,4Chan__1,4Chan__1,4Chan,4Chan
2020-11-02,4Chan__1,4Chan__1,4Chan,4Chan
2020-11-02,4Chan__1,4Chan__1,4Chan,4Chan
2020-11-02,4Chan__1,4Chan__1,4Chan,4Chan
2020-11-02,4Chan__1,4Chan__1,4Chan,4Chan
2020-11-02,4Chan__1,4Chan__1,4Chan,4Chan
2020-11-02,4Chan__1,4Chan__1,4Chan,4Chan
2020-11-02,4Chan__1,4Chan__1,4Chan,4Chan
2020-11-02,4Chan__1,4Chan__1,4Chan,4Chan
2020-11-02,4Chan__1,4Chan__1,4Chan,4Chan
2020-11-02,4Chan__1,4Chan__1,4Chan,4Chan
2020-11-02,4Chan__1,4Chan__1,4Chan,4Chan
2020-11-02,4Chan__1,4Chan__1,4Chan,4Chan
2020-11-02,4Chan__1,4Chan__1,4Chan,4Chan
2020-11-02,4Chan__1,4Chan__1,4Chan,4Chan
2020-11-02,4Chan__1,4Chan__1,4Chan,4Chan
2020-11-02,4Chan__1,4Chan__1,4Chan,4Chan
2020-11-02,4Chan__1,4Chan__1,4Chan,4Chan
2020-11-02,4Chan__1,4Chan__1,4Chan,4Chan
2020-11-02,4Chan__1,4Chan__1,4Chan,4Chan
2020-11-02,4Chan__1,4Chan__1,4Chan,4Chan
2020-11-02,4Chan__1,4Chan__1,4Chan,4Chan
2020-11-02,4Chan__1,4Chan__1,4Chan,4Chan
2020-11-02,4Chan__1,4Chan__1,4Chan,4Chan
2020-11-02,4Chan__1,4Chan__1,4Chan,4Chan
2020-11-02,4Chan__1,4Chan__1,4Chan,4Chan
2020-11-02,4Chan__1,4Chan__1,4Chan,4Chan
2020-11-02,4Chan__1,4Chan__1,4Chan,4Chan
2020-11-02,4Chan__1,4Chan__1,4Chan,4Chan
2020-11-02,4Chan__1,4Chan__1,4Chan,4Chan
2020-11-02,4Chan__1,4Chan__1,4Chan,4Chan
2020-11-02,4Chan__1,4Chan__1,4Chan,4Chan
2020-11-02,4Chan__1,4Chan__1,4Chan,4Chan
2020-11-02,4Chan__1,4Chan__1,4Chan,4Chan
2020-11-02,4Chan__1,4Chan__1,4Chan,4Chan
2020-11-02,4Chan__1,4Chan__1,4Chan,4Chan
2020-11-02,4Chan__1,4Chan__1,4Chan,4Chan
2020-11-02,4Chan__1,4Chan__1,4Chan,4Chan
2020-11-02,4Chan__1,4Chan__1,4Chan,4Chan
2020-11-02,4Chan__1,4Chan__1,4Chan,4Chan
2020-11-02,4Chan__1,4Chan__1,4Chan,4Chan
2020-11-02,Gab__112,4Chan__1,Gab,4Chan
2020-11-02,4Chan__1,4Chan__1,4Chan,4Chan
2020-11-02,4Chan__1,4Chan__1,4Chan,4Chan
2020-11-02,4Chan__1,4Chan__1,4Chan,4Chan
2020-11-02,4Chan__1,4Chan__1,4Chan,4Chan
2020-11-02,4Chan__1,4Chan__1,4Chan,4Chan
2020-11-02,4Chan__1,4Chan__1,4Chan,4Chan
2020-11-02,4Chan__1,4Chan__1,4Chan,4Chan
2020-11-02,4Chan__1,4Chan__1,4Chan,4Chan
2020-11-02,4Chan__1,4Chan__1,4Chan,4Chan
2020-11-02,4Chan__1,4Chan__1,4Chan,4Chan
2020-11-02,4Chan__1,4Chan__1,4Chan,4Chan
2020-11-02,4Chan__1,4Chan__1,4Chan,4Chan
2020-11-02,4Chan__1,4Chan__1,4Chan,4Chan
2020-11-02,4Chan__1,4Chan__1,4Chan,4Chan
2020-11-02,4Chan__1,4Chan__1,4Chan,4Chan
2020-11-02,4Chan__1,4Chan__1,4Chan,4Chan
2020-11-02,4Chan__1,4Chan__1,4Chan,4Chan
2020-11-02,4Chan__1,4Chan__1,4Chan,4Chan
2020-11-02,4Chan__1,4Chan__1,4Chan,4Chan
2020-11-02,4Chan__1,4Chan__1,4Chan,4Chan
2020-11-02,4Chan__1,4Chan__1,4Chan,4Chan
2020-11-02,4Chan__1,4Chan__1,4Chan,4Chan
2020-11-02,4Chan__1,4Chan__1,4Chan,4Chan
2020-11-02,4Chan__1,4Chan__1,4Chan,4Chan
2020-11-02,4Chan__1,4Chan__1,4Chan,4Chan
2020-11-02,4Chan__1,4Chan__1,4Chan,4Chan
2020-11-02,4Chan__1,4Chan__1,4Chan,4Chan
2020-11-02,4Chan__1,4Chan__1,4Chan,4Chan
2020-11-02,4Chan__1,4Chan__1,4Chan,4Chan
2020-11-02,4Chan__1,4Chan__1,4Chan,4Chan
2020-11-02,4Chan__1,4Chan__1,4Chan,4Chan
2020-11-01,4Chan__1,4Chan__1,4Chan,4Chan
2020-11-01,4Chan__1,4Chan__1,4Chan,4Chan
2020-11-01,4Chan__1,4Chan__1,4Chan,4Chan
2020-11-01,4Chan__1,4Chan__1,4Chan,4Chan
2020-11-01,4Chan__1,4Chan__1,4Chan,4Chan
2020-11-01,4Chan__1,4Chan__1,4Chan,4Chan
2020-11-01,4Chan__1,4Chan__1,4Chan,4Chan
2020-11-01,4Chan__1,4Chan__1,4Chan,4Chan
2020-11-01,4Chan__1,4Chan__1,4Chan,4Chan
2020-11-01,4Chan__1,4Chan__1,4Chan,4Chan
2020-11-01,4Chan__1,4Chan__1,4Chan,4Chan
2020-11-01,4Chan__1,4Chan__1,4Chan,4Chan
2020-11-01,4Chan__1,4Chan__1,4Chan,4Chan
2020-11-01,4Chan__1,4Chan__1,4Chan,4Chan
2020-11-01,4Chan__1,4Chan__1,4Chan,4Chan
2020-11-01,4Chan__1,4Chan__1,4Chan,4Chan
2020-11-01,4Chan__1,4Chan__1,4Chan,4Chan
2020-11-01,4Chan__1,4Chan__1,4Chan,4Chan
2020-11-01,4Chan__1,4Chan__1,4Chan,4Chan
2020-11-01,4Chan__1,4Chan__1,4Chan,4Chan
2020-11-01,4Chan__1,4Chan__1,4Chan,4Chan
2020-11-01,4Chan__1,4Chan__1,4Chan,4Chan
2020-11-01,4Chan__1,4Chan__1,4Chan,4Chan
2020-11-01,4Chan__1,4Chan__1,4Chan,4Chan
2020-11-01,4Chan__1,4Chan__1,4Chan,4Chan
2020-11-01,4Chan__1,4Chan__1,4Chan,4Chan
2020-11-01,4Chan__1,4Chan__1,4Chan,4Chan
2020-11-01,4Chan__1,4Chan__1,4Chan,4Chan
2020-11-01,4Chan__1,4Chan__1,4Chan,4Chan
2020-11-01,4Chan__1,4Chan__1,4Chan,4Chan
2020-11-01,4Chan__1,4Chan__1,4Chan,4Chan
2020-11-01,4Chan__1,4Chan__1,4Chan,4Chan
2020-11-01,4Chan__1,4Chan__1,4Chan,4Chan
2020-11-01,4Chan__1,4Chan__1,4Chan,4Chan
2020-11-01,4Chan__1,4Chan__1,4Chan,4Chan
2020-11-01,4Chan__1,4Chan__1,4Chan,4Chan
2020-11-01,4Chan__1,4Chan__1,4Chan,4Chan
2020-11-01,4Chan__1,4Chan__1,4Chan,4Chan
2020-11-01,4Chan__1,4Chan__1,4Chan,4Chan
2020-11-01,4Chan__1,4Chan__1,4Chan,4Chan
2020-11-01,4Chan__1,4Chan__1,4Chan,4Chan
2020-11-01,4Chan__1,4Chan__1,4Chan,4Chan
2020-11-01,4Chan__1,4Chan__1,4Chan,4Chan
2020-11-01,4Chan__1,4Chan__1,4Chan,4Chan
2020-11-01,4Chan__1,4Chan__1,4Chan,4Chan
2020-11-01,4Chan__1,4Chan__1,4Chan,4Chan
2020-11-01,4Chan__1,4Chan__1,4Chan,4Chan
2020-11-01,4Chan__1,4Chan__1,4Chan,4Chan
2020-11-01,4Chan__1,4Chan__1,4Chan,4Chan
2020-11-02,4Chan__1,Bitchute__124,4Chan,Bitchute
2020-11-03,Bitchute__44,Bitchute__114,Bitchute,Bitchute
2020-11-01,Bitchute__155,Bitchute__19,Bitchute,Bitchute
2020-11-01,4Chan__1,Bitchute__111,4Chan,Bitchute
2020-11-01,4Chan__1,Bitchute__53,4Chan,Bitchute
2020-11-01,4Chan__1,Bitchute__128,4Chan,Bitchute
2020-11-01,4Chan__1,Bitchute__128,4Chan,Bitchute
2020-11-01,4Chan__1,Bitchute__160,4Chan,Bitchute
2020-11-03,4Chan__1,Bitchute__174,4Chan,Bitchute
2020-11-01,4Chan__1,Bitchute__128,4Chan,Bitchute
2020-11-01,4Chan__1,Bitchute__128,4Chan,Bitchute
2020-11-01,4Chan__1,Bitchute__128,4Chan,Bitchute
2020-11-02,4Chan__1,Bitchute__128,4Chan,Bitchute
2020-11-01,4Chan__1,Bitchute__128,4Chan,Bitchute
2020-11-01,TG__142,Bitchute__47,TG,Bitchute
2020-11-01,TG__142,Bitchute__47,TG,Bitchute
2020-11-02,TG__142,Bitchute__47,TG,Bitchute
2020-11-02,TG__142,Bitchute__47,TG,Bitchute
2020-11-03,TG__142,Bitchute__47,TG,Bitchute
2020-11-03,TG__73,Bitchute__47,TG,Bitchute
2020-11-03,TG__159,Bitchute__73,TG,Bitchute
2020-11-03,TG__159,Bitchute__24,TG,Bitchute
2020-11-03,TG__159,Bitchute__73,TG,Bitchute
2020-11-01,TG__279,Bitchute__47,TG,Bitchute
2020-11-02,TG__68,TG__146,TG,TG
2020-11-02,TG__69,TG__170,TG,TG
2020-11-02,TG__69,TG__377,TG,TG
2020-11-01,TG__74,TG__218,TG,TG
2020-11-01,TG__74,TG__218,TG,TG
2020-11-01,TG__74,TG__146,TG,TG
2020-11-01,TG__74,TG__146,TG,TG
2020-11-01,TG__74,TG__218,TG,TG
2020-11-01,TG__74,TG__218,TG,TG
2020-11-01,TG__74,TG__218,TG,TG
2020-11-01,TG__74,TG__146,TG,TG
2020-11-01,TG__74,TG__218,TG,TG
2020-11-01,TG__74,TG__218,TG,TG
2020-11-02,TG__74,TG__218,TG,TG
2020-11-02,TG__74,TG__146,TG,TG
2020-11-02,TG__74,TG__146,TG,TG
2020-11-02,TG__74,TG__218,TG,TG
2020-11-02,TG__74,TG__218,TG,TG
2020-11-03,TG__74,TG__218,TG,TG
2020-11-01,TG__73,TG__146,TG,TG
2020-11-01,TG__73,TG__218,TG,TG
2020-11-01,TG__73,TG__218,TG,TG
2020-11-01,TG__73,TG__146,TG,TG
2020-11-01,TG__73,TG__218,TG,TG
2020-11-01,TG__73,TG__218,TG,TG
2020-11-01,TG__73,TG__218,TG,TG
2020-11-01,TG__73,TG__146,TG,TG
2020-11-01,TG__73,TG__218,TG,TG
2020-11-01,TG__73,TG__218,TG,TG
2020-11-02,TG__73,TG__218,TG,TG
2020-11-02,TG__73,TG__146,TG,TG
2020-11-02,TG__73,TG__146,TG,TG
2020-11-02,TG__73,TG__218,TG,TG
2020-11-02,TG__73,TG__218,TG,TG
2020-11-03,TG__73,TG__218,TG,TG
2020-11-01,TG__55,TG__104,TG,TG
2020-11-01,TG__55,TG__104,TG,TG
2020-11-01,TG__55,TG__155,TG,TG
2020-11-01,TG__55,TG__155,TG,TG
2020-11-01,TG__55,TG__104,TG,TG
2020-11-01,TG__55,TG__104,TG,TG
2020-11-01,TG__55,TG__155,TG,TG
2020-11-01,TG__55,TG__104,TG,TG
2020-11-01,TG__55,TG__104,TG,TG
2020-11-01,TG__55,TG__155,TG,TG
2020-11-01,TG__55,TG__104,TG,TG
2020-11-01,TG__55,TG__104,TG,TG
2020-11-01,TG__55,TG__104,TG,TG
2020-11-01,TG__55,TG__104,TG,TG
2020-11-01,TG__55,TG__104,TG,TG
2020-11-01,TG__55,TG__104,TG,TG
2020-11-01,TG__55,TG__104,TG,TG
2020-11-01,TG__55,TG__104,TG,TG
2020-11-01,TG__55,TG__104,TG,TG
2020-11-01,TG__55,TG__104,TG,TG
2020-11-01,TG__55,TG__104,TG,TG
2020-11-01,TG__55,TG__104,TG,TG
2020-11-01,TG__55,TG__104,TG,TG
2020-11-01,TG__55,TG__104,TG,TG
2020-11-01,TG__55,TG__104,TG,TG
2020-11-01,TG__55,TG__104,TG,TG
2020-11-01,TG__55,TG__104,TG,TG
2020-11-01,TG__55,TG__104,TG,TG
2020-11-01,TG__55,TG__155,TG,TG
2020-11-01,TG__55,TG__104,TG,TG
2020-11-01,TG__55,TG__104,TG,TG
2020-11-01,TG__55,TG__104,TG,TG
2020-11-01,TG__55,TG__104,TG,TG
2020-11-01,TG__55,TG__104,TG,TG
2020-11-01,TG__55,TG__104,TG,TG
2020-11-01,TG__55,TG__104,TG,TG
2020-11-01,TG__55,TG__104,TG,TG
2020-11-01,TG__55,TG__104,TG,TG
2020-11-01,TG__55,TG__104,TG,TG
2020-11-01,TG__55,TG__104,TG,TG
2020-11-01,TG__55,TG__104,TG,TG
2020-11-01,TG__55,TG__104,TG,TG
2020-11-01,TG__55,TG__155,TG,TG
2020-11-01,TG__55,TG__104,TG,TG
2020-11-01,TG__55,TG__104,TG,TG
2020-11-01,TG__55,TG__104,TG,TG
2020-11-01,TG__55,TG__104,TG,TG
2020-11-01,TG__55,TG__155,TG,TG
2020-11-01,TG__55,TG__104,TG,TG
2020-11-01,TG__55,TG__104,TG,TG
2020-11-01,TG__55,TG__104,TG,TG
2020-11-01,TG__55,TG__104,TG,TG
2020-11-01,TG__55,TG__104,TG,TG
2020-11-01,TG__55,TG__104,TG,TG
2020-11-01,TG__55,TG__104,TG,TG
2020-11-02,TG__55,TG__104,TG,TG
2020-11-02,TG__55,TG__104,TG,TG
2020-11-02,TG__55,TG__104,TG,TG
2020-11-02,TG__55,TG__155,TG,TG
2020-11-02,TG__55,TG__104,TG,TG
2020-11-02,TG__55,TG__104,TG,TG
2020-11-02,TG__55,TG__104,TG,TG
2020-11-02,TG__55,TG__104,TG,TG
2020-11-02,TG__55,TG__104,TG,TG
2020-11-02,TG__55,TG__155,TG,TG
2020-11-02,TG__55,TG__104,TG,TG
2020-11-02,TG__55,TG__104,TG,TG
2020-11-02,TG__55,TG__155,TG,TG
2020-11-02,TG__55,TG__104,TG,TG
2020-11-02,TG__55,TG__155,TG,TG
2020-11-02,TG__55,TG__104,TG,TG
2020-11-02,TG__55,TG__104,TG,TG
2020-11-02,TG__55,TG__104,TG,TG
2020-11-02,TG__55,TG__104,TG,TG
2020-11-02,TG__55,TG__104,TG,TG
2020-11-02,TG__55,TG__104,TG,TG
2020-11-02,TG__55,TG__104,TG,TG
2020-11-02,TG__55,TG__104,TG,TG
2020-11-02,TG__55,TG__104,TG,TG
2020-11-02,TG__55,TG__104,TG,TG
2020-11-02,TG__55,TG__155,TG,TG
2020-11-02,TG__55,TG__104,TG,TG
2020-11-02,TG__55,TG__104,TG,TG
2020-11-02,TG__55,TG__155,TG,TG
2020-11-02,TG__55,TG__104,TG,TG
2020-11-02,TG__55,TG__104,TG,TG
2020-11-02,TG__55,TG__155,TG,TG
2020-11-02,TG__55,TG__155,TG,TG
2020-11-02,TG__55,TG__104,TG,TG
2020-11-02,TG__55,TG__155,TG,TG
2020-11-02,TG__55,TG__104,TG,TG
2020-11-02,TG__55,TG__104,TG,TG
2020-11-02,TG__55,TG__104,TG,TG
2020-11-03,TG__55,TG__155,TG,TG
2020-11-03,TG__55,TG__104,TG,TG
2020-11-03,TG__55,TG__155,TG,TG
2020-11-03,TG__55,TG__155,TG,TG
2020-11-03,TG__55,TG__104,TG,TG
2020-11-03,TG__55,TG__104,TG,TG
2020-11-03,TG__55,TG__104,TG,TG
2020-11-03,TG__55,TG__104,TG,TG
2020-11-03,TG__55,TG__104,TG,TG
2020-11-03,TG__55,TG__104,TG,TG
2020-11-03,TG__55,TG__155,TG,TG
2020-11-03,TG__55,TG__104,TG,TG
2020-11-03,TG__55,TG__104,TG,TG
2020-11-03,TG__55,TG__155,TG,TG
2020-11-03,TG__55,TG__104,TG,TG
2020-11-03,TG__55,TG__104,TG,TG
2020-11-03,TG__55,TG__104,TG,TG
2020-11-03,TG__55,TG__104,TG,TG
2020-11-03,TG__55,TG__104,TG,TG
2020-11-03,TG__55,TG__104,TG,TG
2020-11-03,TG__55,TG__104,TG,TG
2020-11-03,TG__55,TG__104,TG,TG
2020-11-03,TG__55,TG__104,TG,TG
2020-11-03,TG__55,TG__104,TG,TG
2020-11-03,TG__55,TG__104,TG,TG
2020-11-03,TG__55,TG__104,TG,TG
2020-11-03,TG__55,TG__104,TG,TG
2020-11-03,TG__55,TG__104,TG,TG
2020-11-03,TG__55,TG__104,TG,TG
2020-11-03,TG__55,TG__104,TG,TG
2020-11-03,TG__55,TG__104,TG,TG
2020-11-03,TG__55,TG__104,TG,TG
2020-11-03,TG__55,TG__104,TG,TG
2020-11-03,TG__55,TG__155,TG,TG
2020-11-03,TG__55,TG__104,TG,TG
2020-11-03,TG__55,TG__104,TG,TG
2020-11-03,TG__55,TG__104,TG,TG
2020-11-03,TG__55,TG__104,TG,TG
2020-11-03,TG__55,TG__104,TG,TG
2020-11-03,TG__55,TG__104,TG,TG
2020-11-03,TG__55,TG__104,TG,TG
2020-11-03,TG__55,TG__104,TG,TG
2020-11-02,TG__215,TG__146,TG,TG
2020-11-02,TG__50,TG__45,TG,TG
2020-11-03,Twitter__38,Twitter__9,Twitter,Twitter
2020-11-03,Twitter__16,Twitter__7,Twitter,Twitter
2020-11-03,Twitter__16,Twitter__7,Twitter,Twitter
2020-11-03,Twitter__39,Twitter__6,Twitter,Twitter
2020-11-03,Twitter__39,Twitter__6,Twitter,Twitter
2020-11-03,Twitter__39,Twitter__39,Twitter,Twitter
2020-11-02,Twitter__3,Twitter__3,Twitter,Twitter
2020-11-02,Twitter__16,Twitter__7,Twitter,Twitter
2020-11-02,Twitter__38,Twitter__38,Twitter,Twitter
2020-11-02,Twitter__38,Twitter__38,Twitter,Twitter
2020-11-02,Twitter__14,Twitter__14,Twitter,Twitter
2020-11-02,Twitter__7,Twitter__7,Twitter,Twitter
2020-11-01,Twitter__39,Twitter__6,Twitter,Twitter
2020-11-01,Twitter__14,Twitter__14,Twitter,Twitter
2020-11-01,Twitter__16,Twitter__16,Twitter,Twitter
2020-11-03,Twitter__14,Twitter__14,Twitter,Twitter
2020-11-03,Twitter__38,Twitter__9,Twitter,Twitter
2020-11-03,Twitter__17,Twitter__17,Twitter,Twitter
2020-11-03,Twitter__17,Twitter__17,Twitter,Twitter
2020-11-01,Twitter__5,Twitter__5,Twitter,Twitter
2020-11-01,Twitter__5,Twitter__5,Twitter,Twitter
2020-11-01,Twitter__5,Twitter__5,Twitter,Twitter
2020-11-01,Twitter__5,Twitter__5,Twitter,Twitter
2020-11-02,Twitter__5,Twitter__5,Twitter,Twitter
2020-11-02,Twitter__5,Twitter__5,Twitter,Twitter
2020-11-02,Twitter__5,Twitter__5,Twitter,Twitter
2020-11-03,Twitter__5,Twitter__5,Twitter,Twitter
2020-11-03,Twitter__5,Twitter__5,Twitter,Twitter
2020-11-03,Twitter__5,Twitter__5,Twitter,Twitter
2020-11-03,Twitter__5,Twitter__5,Twitter,Twitter
2020-11-03,Twitter__5,Twitter__5,Twitter,Twitter
2020-11-03,Twitter__5,Twitter__5,Twitter,Twitter
2020-11-01,Twitter__5,Twitter__5,Twitter,Twitter
2020-11-01,Twitter__5,Twitter__5,Twitter,Twitter
2020-11-01,Twitter__5,Twitter__5,Twitter,Twitter
2020-11-01,Twitter__5,Twitter__5,Twitter,Twitter
2020-11-01,Twitter__5,Twitter__5,Twitter,Twitter
2020-11-01,Twitter__5,Twitter__5,Twitter,Twitter
2020-11-01,Twitter__5,Twitter__5,Twitter,Twitter
2020-11-02,Twitter__5,Twitter__5,Twitter,Twitter
2020-11-02,Twitter__5,Twitter__5,Twitter,Twitter
2020-11-02,Twitter__5,Twitter__5,Twitter,Twitter
2020-11-02,Twitter__5,Twitter__5,Twitter,Twitter
2020-11-03,Twitter__5,Twitter__5,Twitter,Twitter
2020-11-03,Twitter__8,Twitter__8,Twitter,Twitter
2020-11-03,VK__9,YouTube__26,VK,YouTube
2020-11-03,Twitter__52,4Chan__1,Twitter,4Chan
2020-11-03,Twitter__52,4Chan__1,Twitter,4Chan
2020-11-02,Twitter__52,4Chan__1,Twitter,4Chan
2020-11-02,Twitter__52,4Chan__1,Twitter,4Chan
2020-11-01,Twitter__52,4Chan__1,Twitter,4Chan
2020-11-01,Twitter__52,4Chan__1,Twitter,4Chan
2020-11-01,Twitter__52,4Chan__1,Twitter,4Chan
2020-11-01,Twitter__52,4Chan__1,Twitter,4Chan
2020-11-03,Twitter__52,4Chan__1,Twitter,4Chan
2020-11-03,Twitter__52,4Chan__1,Twitter,4Chan
2020-11-03,Twitter__52,4Chan__1,Twitter,4Chan
2020-11-03,Twitter__52,4Chan__1,Twitter,4Chan
2020-11-02,Twitter__52,4Chan__1,Twitter,4Chan
2020-11-02,Twitter__52,4Chan__1,Twitter,4Chan
2020-11-02,Twitter__52,4Chan__1,Twitter,4Chan
2020-11-02,Twitter__52,4Chan__1,Twitter,4Chan
2020-11-01,4Chan__1,4Chan__1,4Chan,4Chan
2020-11-02,4Chan__1,4Chan__1,4Chan,4Chan
2020-11-03,4Chan__1,4Chan__1,4Chan,4Chan
2020-11-03,4Chan__1,4Chan__1,4Chan,4Chan
2020-11-03,4Chan__1,4Chan__1,4Chan,4Chan
2020-11-03,4Chan__1,4Chan__1,4Chan,4Chan
2020-11-01,4Chan__1,4Chan__1,4Chan,4Chan
2020-11-01,4Chan__1,4Chan__1,4Chan,4Chan
2020-11-02,4Chan__1,4Chan__1,4Chan,4Chan
2020-11-01,4Chan__1,4Chan__1,4Chan,4Chan
2020-11-02,4Chan__1,4Chan__1,4Chan,4Chan
2020-11-01,4Chan__1,Bitchute__1,4Chan,Bitchute
2020-11-01,4Chan__1,Bitchute__1,4Chan,Bitchute
2020-11-02,Bitchute__16,Bitchute__16,Bitchute,Bitchute
2020-11-03,Bitchute__14,Bitchute__100,Bitchute,Bitchute
2020-11-03,Bitchute__20,Bitchute__114,Bitchute,Bitchute
2020-11-01,Bitchute__16,Bitchute__16,Bitchute,Bitchute
2020-11-02,FB__172,FB__179,FB,FB
2020-11-03,4Chan__1,Gab__296,4Chan,Gab
2020-11-03,Gab__156,Gab__156,Gab,Gab
2020-11-03,Gab__55,Gab__55,Gab,Gab
2020-11-03,Gab__29,Gab__29,Gab,Gab
2020-11-02,Gab__156,Gab__156,Gab,Gab
2020-11-02,Gab__18,Gab__156,Gab,Gab
2020-11-02,Gab__55,Gab__55,Gab,Gab
2020-11-02,Gab__55,Gab__55,Gab,Gab
2020-11-02,Gab__55,Gab__55,Gab,Gab
2020-11-02,Gab__55,Gab__55,Gab,Gab
2020-11-02,Gab__55,Gab__55,Gab,Gab
2020-11-01,Gab__50,Gab__50,Gab,Gab
2020-11-01,Gab__55,Gab__296,Gab,Gab
2020-11-01,Gab__10,Gab__10,Gab,Gab
2020-11-01,4Chan__1,TG__218,4Chan,TG
2020-11-01,4Chan__1,TG__218,4Chan,TG
2020-11-01,4Chan__1,TG__218,4Chan,TG
2020-11-01,4Chan__1,TG__218,4Chan,TG
2020-11-01,4Chan__1,TG__218,4Chan,TG
2020-11-01,4Chan__1,TG__218,4Chan,TG
2020-11-02,4Chan__1,TG__63,4Chan,TG
2020-11-01,VK__147,TG__205,VK,TG
2020-11-02,VK__147,TG__205,VK,TG
2020-11-01,TG__218,TG__218,TG,TG
2020-11-01,TG__218,TG__218,TG,TG
2020-11-01,TG__218,TG__146,TG,TG
2020-11-01,TG__218,TG__146,TG,TG
2020-11-01,TG__218,TG__218,TG,TG
2020-11-01,TG__218,TG__218,TG,TG
2020-11-01,TG__218,TG__218,TG,TG
2020-11-01,TG__218,TG__146,TG,TG
2020-11-01,TG__218,TG__218,TG,TG
2020-11-02,TG__218,TG__218,TG,TG
2020-11-02,TG__218,TG__146,TG,TG
2020-11-02,TG__218,TG__146,TG,TG
2020-11-02,TG__218,TG__218,TG,TG
2020-11-02,TG__218,TG__218,TG,TG
2020-11-03,TG__218,TG__218,TG,TG
2020-11-02,TG__221,TG__170,TG,TG
2020-11-02,TG__221,TG__45,TG,TG
2020-11-03,TG__211,TG__152,TG,TG
2020-11-02,TG__125,TG__146,TG,TG
2020-11-02,TG__150,TG__146,TG,TG
2020-11-02,TG__279,TG__279,TG,TG
2020-11-01,TG__276,TG__28,TG,TG
2020-11-03,Twitter__18,Twitter__18,Twitter,Twitter
2020-11-03,Twitter__18,Twitter__18,Twitter,Twitter
2020-11-02,Twitter__37,Twitter__37,Twitter,Twitter
2020-11-02,Twitter__18,Twitter__18,Twitter,Twitter
2020-11-01,Twitter__39,Twitter__39,Twitter,Twitter
2020-11-02,Twitter__8,Twitter__8,Twitter,Twitter
2020-11-02,Twitter__8,Twitter__8,Twitter,Twitter
2020-11-01,Twitter__6,Twitter__6,Twitter,Twitter
2020-11-02,Twitter__19,Twitter__18,Twitter,Twitter
2020-11-02,Twitter__13,Twitter__13,Twitter,Twitter
2020-11-02,Twitter__9,Twitter__9,Twitter,Twitter
2020-11-02,Twitter__6,Twitter__18,Twitter,Twitter
2020-11-02,Twitter__6,Twitter__6,Twitter,Twitter
2020-11-03,Twitter__10,Twitter__10,Twitter,Twitter
2020-11-03,Twitter__6,Twitter__5,Twitter,Twitter
2020-11-03,Twitter__4,Twitter__4,Twitter,Twitter
2020-11-03,Twitter__9,Twitter__9,Twitter,Twitter
2020-11-03,Twitter__6,Twitter__6,Twitter,Twitter
2020-11-03,Twitter__10,Twitter__10,Twitter,Twitter
2020-11-03,Twitter__6,Twitter__6,Twitter,Twitter
2020-11-01,4Chan__1,YouTube__21,4Chan,YouTube
2020-11-01,4Chan__1,YouTube__21,4Chan,YouTube
2020-11-01,4Chan__1,YouTube__4,4Chan,YouTube
2020-11-01,Gab__45,YouTube__5,Gab,YouTube
2020-11-01,Gab__185,YouTube__5,Gab,YouTube
2020-11-01,Gab__208,YouTube__5,Gab,YouTube
2020-11-01,Gab__21,YouTube__5,Gab,YouTube
2020-11-01,Gab__20,YouTube__5,Gab,YouTube
2020-11-01,Gab__35,YouTube__5,Gab,YouTube
2020-11-01,Gab__178,YouTube__5,Gab,YouTube
2020-11-01,Gab__290,YouTube__5,Gab,YouTube
2020-11-01,Gab__280,YouTube__5,Gab,YouTube
2020-11-01,Gab__143,YouTube__5,Gab,YouTube
2020-11-01,Gab__179,YouTube__5,Gab,YouTube
2020-11-01,Gab__12,YouTube__5,Gab,YouTube
2020-11-01,Gab__299,YouTube__5,Gab,YouTube
2020-11-01,Gab__299,YouTube__5,Gab,YouTube
2020-11-01,Gab__48,YouTube__5,Gab,YouTube
2020-11-01,Gab__255,YouTube__5,Gab,YouTube
2020-11-01,4Chan__1,YouTube__21,4Chan,YouTube
2020-11-01,4Chan__1,YouTube__21,4Chan,YouTube
2020-11-01,4Chan__1,YouTube__21,4Chan,YouTube
2020-11-01,4Chan__1,YouTube__21,4Chan,YouTube
2020-11-01,Gab__30,YouTube__13,Gab,YouTube
2020-11-01,4Chan__1,YouTube__13,4Chan,YouTube
2020-11-01,4Chan__1,YouTube__13,4Chan,YouTube
2020-11-01,Gab__10,YouTube__13,Gab,YouTube
2020-11-01,4Chan__1,YouTube__13,4Chan,YouTube
2020-11-01,Gab__112,YouTube__13,Gab,YouTube
2020-11-01,4Chan__1,YouTube__21,4Chan,YouTube
2020-11-01,4Chan__1,YouTube__21,4Chan,YouTube
2020-11-01,4Chan__1,YouTube__4,4Chan,YouTube
2020-11-01,4Chan__1,YouTube__19,4Chan,YouTube
2020-11-01,4Chan__1,YouTube__26,4Chan,YouTube
2020-11-01,4Chan__1,YouTube__12,4Chan,YouTube
2020-11-01,4Chan__1,YouTube__12,4Chan,YouTube
2020-11-01,4Chan__1,YouTube__4,4Chan,YouTube
2020-11-01,4Chan__1,YouTube__4,4Chan,YouTube
2020-11-01,4Chan__1,YouTube__4,4Chan,YouTube
2020-11-01,4Chan__1,YouTube__4,4Chan,YouTube
2020-11-01,4Chan__1,YouTube__4,4Chan,YouTube
2020-11-02,4Chan__1,YouTube__17,4Chan,YouTube
2020-11-02,4Chan__1,YouTube__61,4Chan,YouTube
2020-11-01,4Chan__1,YouTube__12,4Chan,YouTube
2020-11-01,4Chan__1,YouTube__19,4Chan,YouTube
2020-11-01,4Chan__1,YouTube__26,4Chan,YouTube
2020-11-01,4Chan__1,YouTube__12,4Chan,YouTube
2020-11-01,4Chan__1,YouTube__12,4Chan,YouTube
2020-11-01,4Chan__1,YouTube__12,4Chan,YouTube
2020-11-01,4Chan__1,YouTube__21,4Chan,YouTube
2020-11-01,4Chan__1,YouTube__21,4Chan,YouTube
2020-11-01,4Chan__1,YouTube__21,4Chan,YouTube
2020-11-01,4Chan__1,YouTube__21,4Chan,YouTube
2020-11-01,4Chan__1,YouTube__12,4Chan,YouTube
2020-11-01,4Chan__1,YouTube__12,4Chan,YouTube
2020-11-01,4Chan__1,YouTube__12,4Chan,YouTube
2020-11-01,Gab__35,YouTube__13,Gab,YouTube
2020-11-01,Gab__5,YouTube__13,Gab,YouTube
2020-11-01,Gab__14,YouTube__13,Gab,YouTube
2020-11-01,4Chan__1,YouTube__21,4Chan,YouTube
2020-11-01,4Chan__1,YouTube__21,4Chan,YouTube
2020-11-01,Gab__30,YouTube__15,Gab,YouTube
2020-11-01,4Chan__1,YouTube__12,4Chan,YouTube
2020-11-01,4Chan__1,YouTube__17,4Chan,YouTube
2020-11-02,4Chan__1,YouTube__19,4Chan,YouTube
2020-11-02,4Chan__1,YouTube__26,4Chan,YouTube
2020-11-02,4Chan__1,YouTube__4,4Chan,YouTube
2020-11-02,4Chan__1,YouTube__4,4Chan,YouTube
2020-11-02,4Chan__1,YouTube__47,4Chan,YouTube
2020-11-02,4Chan__1,YouTube__4,4Chan,YouTube
2020-11-02,4Chan__1,YouTube__4,4Chan,YouTube
2020-11-02,4Chan__1,YouTube__4,4Chan,YouTube
2020-11-02,4Chan__1,YouTube__4,4Chan,YouTube
2020-11-02,4Chan__1,YouTube__4,4Chan,YouTube
2020-11-02,4Chan__1,YouTube__4,4Chan,YouTube
2020-11-02,4Chan__1,YouTube__4,4Chan,YouTube
2020-11-02,4Chan__1,YouTube__4,4Chan,YouTube
2020-11-02,4Chan__1,YouTube__4,4Chan,YouTube
2020-11-02,4Chan__1,YouTube__13,4Chan,YouTube
2020-11-02,4Chan__1,YouTube__19,4Chan,YouTube
2020-11-02,4Chan__1,YouTube__26,4Chan,YouTube
2020-11-02,4Chan__1,YouTube__4,4Chan,YouTube
2020-11-02,4Chan__1,YouTube__4,4Chan,YouTube
2020-11-02,4Chan__1,YouTube__4,4Chan,YouTube
2020-11-02,4Chan__1,YouTube__4,4Chan,YouTube
2020-11-02,4Chan__1,YouTube__4,4Chan,YouTube
2020-11-02,4Chan__1,YouTube__27,4Chan,YouTube
2020-11-02,4Chan__1,YouTube__19,4Chan,YouTube
2020-11-02,4Chan__1,YouTube__26,4Chan,YouTube
2020-11-02,4Chan__1,YouTube__4,4Chan,YouTube
2020-11-02,4Chan__1,YouTube__4,4Chan,YouTube
2020-11-02,4Chan__1,YouTube__4,4Chan,YouTube
2020-11-02,4Chan__1,YouTube__4,4Chan,YouTube
2020-11-02,4Chan__1,YouTube__4,4Chan,YouTube
2020-11-02,4Chan__1,YouTube__4,4Chan,YouTube
2020-11-02,4Chan__1,YouTube__4,4Chan,YouTube
2020-11-02,4Chan__1,YouTube__4,4Chan,YouTube
2020-11-02,4Chan__1,YouTube__12,4Chan,YouTube
2020-11-02,4Chan__1,YouTube__6,4Chan,YouTube
2020-11-02,4Chan__1,YouTube__6,4Chan,YouTube
2020-11-02,4Chan__1,YouTube__6,4Chan,YouTube
2020-11-02,4Chan__1,YouTube__6,4Chan,YouTube
2020-11-02,4Chan__1,YouTube__6,4Chan,YouTube
2020-11-02,4Chan__1,YouTube__6,4Chan,YouTube
2020-11-02,4Chan__1,YouTube__6,4Chan,YouTube
2020-11-02,4Chan__1,YouTube__19,4Chan,YouTube
2020-11-02,4Chan__1,YouTube__26,4Chan,YouTube
2020-11-02,4Chan__1,YouTube__39,4Chan,YouTube
2020-11-02,4Chan__1,YouTube__6,4Chan,YouTube
2020-11-02,4Chan__1,YouTube__6,4Chan,YouTube
2020-11-02,4Chan__1,YouTube__6,4Chan,YouTube
2020-11-02,4Chan__1,YouTube__6,4Chan,YouTube
2020-11-02,4Chan__1,YouTube__6,4Chan,YouTube
2020-11-02,4Chan__1,YouTube__14,4Chan,YouTube
2020-11-02,4Chan__1,YouTube__25,4Chan,YouTube
2020-11-02,4Chan__1,YouTube__6,4Chan,YouTube
2020-11-02,4Chan__1,YouTube__6,4Chan,YouTube
2020-11-02,4Chan__1,YouTube__6,4Chan,YouTube
2020-11-02,4Chan__1,YouTube__6,4Chan,YouTube
2020-11-02,4Chan__1,YouTube__6,4Chan,YouTube
2020-11-02,4Chan__1,YouTube__6,4Chan,YouTube
2020-11-02,4Chan__1,YouTube__6,4Chan,YouTube
2020-11-02,4Chan__1,YouTube__6,4Chan,YouTube
2020-11-02,4Chan__1,YouTube__6,4Chan,YouTube
2020-11-02,4Chan__1,YouTube__6,4Chan,YouTube
2020-11-02,4Chan__1,YouTube__6,4Chan,YouTube
2020-11-02,4Chan__1,YouTube__6,4Chan,YouTube
2020-11-02,4Chan__1,YouTube__33,4Chan,YouTube
2020-11-02,4Chan__1,YouTube__13,4Chan,YouTube
2020-11-02,Gab__10,YouTube__13,Gab,YouTube
2020-11-03,4Chan__1,YouTube__61,4Chan,YouTube
2020-11-03,4Chan__1,YouTube__61,4Chan,YouTube
2020-11-03,4Chan__1,YouTube__61,4Chan,YouTube
2020-11-03,4Chan__1,YouTube__61,4Chan,YouTube
2020-11-03,4Chan__1,YouTube__61,4Chan,YouTube
2020-11-03,4Chan__1,YouTube__4,4Chan,YouTube
2020-11-03,4Chan__1,YouTube__4,4Chan,YouTube
2020-11-03,Gab__30,YouTube__15,Gab,YouTube
2020-11-02,4Chan__1,YouTube__61,4Chan,YouTube
2020-11-02,4Chan__1,YouTube__6,4Chan,YouTube
2020-11-03,4Chan__1,YouTube__20,4Chan,YouTube
2020-11-03,4Chan__1,YouTube__19,4Chan,YouTube
2020-11-03,VK__8,YouTube__26,VK,YouTube
2020-11-03,4Chan__1,YouTube__12,4Chan,YouTube
2020-11-03,4Chan__1,YouTube__12,4Chan,YouTube
2020-11-03,4Chan__1,YouTube__12,4Chan,YouTube
2020-11-02,4Chan__1,YouTube__12,4Chan,YouTube
2020-11-03,4Chan__1,YouTube__33,4Chan,YouTube
2020-11-03,4Chan__1,YouTube__12,4Chan,YouTube
2020-11-03,4Chan__1,YouTube__12,4Chan,YouTube
2020-11-01,4Chan__1,YouTube__12,4Chan,YouTube
2020-11-02,4Chan__1,YouTube__21,4Chan,YouTube
2020-11-02,Gab__35,Bitchute__23,Gab,Bitchute
2020-11-01,TG__73,Bitchute__23,TG,Bitchute
2020-11-01,TG__61,Bitchute__23,TG,Bitchute
2020-11-02,Bitchute__23,Bitchute__23,Bitchute,Bitchute
2020-11-01,4Chan__1,Bitchute__59,4Chan,Bitchute
2020-11-03,4Chan__1,Bitchute__59,4Chan,Bitchute
2020-11-01,4Chan__1,Bitchute__65,4Chan,Bitchute
2020-11-01,4Chan__1,Bitchute__65,4Chan,Bitchute
2020-11-01,4Chan__1,Bitchute__1,4Chan,Bitchute
2020-11-01,4Chan__1,Bitchute__1,4Chan,Bitchute
2020-11-01,4Chan__1,Bitchute__1,4Chan,Bitchute
2020-11-01,4Chan__1,Bitchute__1,4Chan,Bitchute
2020-11-01,4Chan__1,Bitchute__1,4Chan,Bitchute
2020-11-01,4Chan__1,Bitchute__1,4Chan,Bitchute
2020-11-01,4Chan__1,Bitchute__1,4Chan,Bitchute
2020-11-01,4Chan__1,Bitchute__1,4Chan,Bitchute
2020-11-01,4Chan__1,Bitchute__1,4Chan,Bitchute
2020-11-01,4Chan__1,Bitchute__1,4Chan,Bitchute
2020-11-02,4Chan__1,Bitchute__1,4Chan,Bitchute
2020-11-02,4Chan__1,Bitchute__1,4Chan,Bitchute
2020-11-02,4Chan__1,Bitchute__1,4Chan,Bitchute
2020-11-02,4Chan__1,Bitchute__1,4Chan,Bitchute
2020-11-02,4Chan__1,Bitchute__1,4Chan,Bitchute
2020-11-03,4Chan__1,Bitchute__1,4Chan,Bitchute
2020-11-02,YouTube__15,4Chan__1,YouTube,4Chan
2020-11-03,4Chan__1,4Chan__1,4Chan,4Chan
2020-11-02,4Chan__1,4Chan__1,4Chan,4Chan
2020-11-01,4Chan__1,4Chan__1,4Chan,4Chan
2020-11-01,4Chan__1,4Chan__1,4Chan,4Chan
2020-11-02,4Chan__1,4Chan__1,4Chan,4Chan
2020-11-03,4Chan__1,4Chan__1,4Chan,4Chan
2020-11-02,4Chan__1,4Chan__1,4Chan,4Chan
2020-11-01,Gab__5,Bitchute__39,Gab,Bitchute
2020-11-01,Gab__10,Bitchute__39,Gab,Bitchute
2020-11-01,4Chan__1,Bitchute__33,4Chan,Bitchute
2020-11-01,Gab__55,Bitchute__87,Gab,Bitchute
2020-11-01,Gab__30,Bitchute__43,Gab,Bitchute
2020-11-01,Gab__30,Bitchute__43,Gab,Bitchute
2020-11-01,4Chan__1,Bitchute__5,4Chan,Bitchute
2020-11-01,Gab__55,Bitchute__16,Gab,Bitchute
2020-11-01,4Chan__1,Bitchute__56,4Chan,Bitchute
2020-11-01,4Chan__1,Bitchute__56,4Chan,Bitchute
2020-11-01,Gab__30,Bitchute__144,Gab,Bitchute
2020-11-01,Gab__30,Bitchute__144,Gab,Bitchute
2020-11-01,4Chan__1,Bitchute__154,4Chan,Bitchute
2020-11-01,Gab__55,Bitchute__154,Gab,Bitchute
2020-11-02,4Chan__1,Bitchute__1,4Chan,Bitchute
2020-11-01,Gab__29,Bitchute__30,Gab,Bitchute
2020-11-01,4Chan__1,Bitchute__3,4Chan,Bitchute
2020-11-01,Gab__93,Bitchute__7,Gab,Bitchute
2020-11-01,Gab__10,Bitchute__7,Gab,Bitchute
2020-11-01,Gab__30,Bitchute__7,Gab,Bitchute
2020-11-01,Gab__10,Bitchute__39,Gab,Bitchute
2020-11-01,4Chan__1,Bitchute__33,4Chan,Bitchute
2020-11-01,4Chan__1,Bitchute__33,4Chan,Bitchute
2020-11-01,4Chan__1,Bitchute__114,4Chan,Bitchute
2020-11-02,4Chan__1,Bitchute__68,4Chan,Bitchute
2020-11-01,4Chan__1,Bitchute__155,4Chan,Bitchute
2020-11-01,4Chan__1,Bitchute__154,4Chan,Bitchute
2020-11-01,4Chan__1,Bitchute__154,4Chan,Bitchute
2020-11-01,4Chan__1,Bitchute__154,4Chan,Bitchute
2020-11-01,4Chan__1,Bitchute__154,4Chan,Bitchute
2020-11-01,4Chan__1,Bitchute__154,4Chan,Bitchute
2020-11-02,4Chan__1,Bitchute__34,4Chan,Bitchute
2020-11-02,Gab__93,Bitchute__32,Gab,Bitchute
2020-11-02,Gab__30,Bitchute__20,Gab,Bitchute
2020-11-02,4Chan__1,Bitchute__33,4Chan,Bitchute
2020-11-02,4Chan__1,Bitchute__155,4Chan,Bitchute
2020-11-02,Gab__93,Bitchute__50,Gab,Bitchute
2020-11-02,Gab__10,Bitchute__10,Gab,Bitchute
2020-11-02,Gab__30,Bitchute__144,Gab,Bitchute
2020-11-02,4Chan__1,Bitchute__154,4Chan,Bitchute
2020-11-02,4Chan__1,Bitchute__154,4Chan,Bitchute
2020-11-02,4Chan__1,Bitchute__154,4Chan,Bitchute
2020-11-03,4Chan__1,Bitchute__59,4Chan,Bitchute
2020-11-02,4Chan__1,Bitchute__3,4Chan,Bitchute
2020-11-02,Gab__5,Bitchute__32,Gab,Bitchute
2020-11-03,Gab__55,Bitchute__26,Gab,Bitchute
2020-11-02,4Chan__1,Bitchute__33,4Chan,Bitchute
2020-11-02,4Chan__1,Bitchute__68,4Chan,Bitchute
2020-11-03,4Chan__1,Bitchute__3,4Chan,Bitchute
2020-11-03,4Chan__1,Bitchute__34,4Chan,Bitchute
2020-11-03,4Chan__1,Bitchute__37,4Chan,Bitchute
2020-11-03,4Chan__1,Bitchute__29,4Chan,Bitchute
2020-11-03,4Chan__1,Bitchute__79,4Chan,Bitchute
2020-11-03,4Chan__1,Bitchute__33,4Chan,Bitchute
2020-11-03,4Chan__1,Bitchute__6,4Chan,Bitchute
2020-11-03,Gab__93,Bitchute__50,Gab,Bitchute
2020-11-03,4Chan__1,Bitchute__154,4Chan,Bitchute
2020-11-03,4Chan__1,Bitchute__154,4Chan,Bitchute
2020-11-03,4Chan__1,Bitchute__79,4Chan,Bitchute
2020-11-03,4Chan__1,Bitchute__79,4Chan,Bitchute
2020-11-03,4Chan__1,Bitchute__154,4Chan,Bitchute
2020-11-02,4Chan__1,Bitchute__154,4Chan,Bitchute
2020-11-03,4Chan__1,Bitchute__154,4Chan,Bitchute
2020-11-02,4Chan__1,Bitchute__154,4Chan,Bitchute
2020-11-03,4Chan__1,Bitchute__154,4Chan,Bitchute
2020-11-01,4Chan__1,Bitchute__154,4Chan,Bitchute
2020-11-03,TG__98,Bitchute__29,TG,Bitchute
2020-11-02,TG__75,Bitchute__114,TG,Bitchute
2020-11-02,Bitchute__6,Bitchute__5,Bitchute,Bitchute
2020-11-03,Bitchute__31,Bitchute__19,Bitchute,Bitchute
2020-11-03,Bitchute__2,Bitchute__114,Bitchute,Bitchute
2020-11-03,FB__173,FB__191,FB,FB
2020-11-03,FB__161,FB__179,FB,FB
2020-11-01,FB__172,FB__171,FB,FB
2020-11-02,FB__179,FB__179,FB,FB
2020-11-03,FB__206,FB__206,FB,FB
2020-11-03,TG__159,Gab__55,TG,Gab
2020-11-03,TG__159,Gab__55,TG,Gab
2020-11-01,TG__159,Gab__55,TG,Gab
2020-11-02,TG__156,Gab__55,TG,Gab
2020-11-03,TG__159,Rumble__55,TG,Rumble
2020-11-01,TG__146,TG__146,TG,TG
2020-11-01,TG__146,TG__218,TG,TG
2020-11-01,TG__146,TG__218,TG,TG
2020-11-01,TG__146,TG__146,TG,TG
2020-11-01,TG__146,TG__146,TG,TG
2020-11-01,TG__146,TG__218,TG,TG
2020-11-01,TG__146,TG__218,TG,TG
2020-11-01,TG__146,TG__218,TG,TG
2020-11-01,TG__146,TG__146,TG,TG
2020-11-01,TG__146,TG__146,TG,TG
2020-11-01,TG__146,TG__218,TG,TG
2020-11-01,TG__146,TG__218,TG,TG
2020-11-02,TG__146,TG__218,TG,TG
2020-11-02,TG__146,TG__146,TG,TG
2020-11-02,TG__146,TG__218,TG,TG
2020-11-02,TG__146,TG__218,TG,TG
2020-11-03,TG__146,TG__218,TG,TG
2020-11-01,TG__152,TG__152,TG,TG
2020-11-03,TG__152,TG__152,TG,TG
2020-11-03,TG__152,TG__152,TG,TG
2020-11-01,TG__199,TG__218,TG,TG
2020-11-01,TG__199,TG__218,TG,TG
2020-11-01,TG__199,TG__218,TG,TG
2020-11-01,TG__199,TG__146,TG,TG
2020-11-01,TG__199,TG__146,TG,TG
2020-11-01,TG__199,TG__218,TG,TG
2020-11-01,TG__199,TG__218,TG,TG
2020-11-01,TG__199,TG__146,TG,TG
2020-11-01,TG__199,TG__218,TG,TG
2020-11-02,TG__199,TG__218,TG,TG
2020-11-02,TG__199,TG__146,TG,TG
2020-11-02,TG__199,TG__146,TG,TG
2020-11-02,TG__199,TG__218,TG,TG
2020-11-02,TG__199,TG__218,TG,TG
2020-11-03,TG__199,TG__218,TG,TG
2020-11-01,Twitter__6,Twitter__6,Twitter,Twitter
2020-11-01,Twitter__4,Twitter__4,Twitter,Twitter
2020-11-01,Twitter__9,Twitter__9,Twitter,Twitter
2020-11-01,Twitter__4,Twitter__4,Twitter,Twitter
2020-11-01,Twitter__4,Twitter__4,Twitter,Twitter
2020-11-01,Twitter__9,Twitter__9,Twitter,Twitter
2020-11-01,Twitter__9,Twitter__9,Twitter,Twitter
2020-11-01,Twitter__6,Twitter__39,Twitter,Twitter
2020-11-01,Twitter__9,Twitter__9,Twitter,Twitter
2020-11-01,Twitter__9,Twitter__9,Twitter,Twitter
2020-11-01,Twitter__9,Twitter__9,Twitter,Twitter
2020-11-01,Twitter__9,Twitter__9,Twitter,Twitter
2020-11-01,Twitter__9,Twitter__9,Twitter,Twitter
2020-11-01,Twitter__9,Twitter__9,Twitter,Twitter
2020-11-01,Twitter__9,Twitter__9,Twitter,Twitter
2020-11-01,Twitter__4,Twitter__4,Twitter,Twitter
2020-11-01,Twitter__10,Twitter__10,Twitter,Twitter
2020-11-01,Twitter__4,Twitter__4,Twitter,Twitter
2020-11-01,Twitter__4,Twitter__4,Twitter,Twitter
2020-11-01,Twitter__4,Twitter__4,Twitter,Twitter
2020-11-01,Twitter__4,Twitter__4,Twitter,Twitter
2020-11-01,Twitter__4,Twitter__4,Twitter,Twitter
2020-11-01,Twitter__13,Twitter__13,Twitter,Twitter
2020-11-02,Twitter__4,Twitter__4,Twitter,Twitter
2020-11-02,Twitter__6,Twitter__6,Twitter,Twitter
2020-11-02,Twitter__6,Twitter__6,Twitter,Twitter
2020-11-02,Twitter__9,Twitter__9,Twitter,Twitter
2020-11-02,Twitter__9,Twitter__9,Twitter,Twitter
2020-11-02,Twitter__10,Twitter__9,Twitter,Twitter
2020-11-02,Twitter__9,Twitter__9,Twitter,Twitter
2020-11-02,Twitter__20,Twitter__18,Twitter,Twitter
2020-11-03,Twitter__19,Twitter__18,Twitter,Twitter
2020-11-03,Twitter__6,Twitter__18,Twitter,Twitter
2020-11-03,Twitter__19,Twitter__18,Twitter,Twitter
2020-11-03,Twitter__9,Twitter__9,Twitter,Twitter
2020-11-03,Twitter__9,Twitter__9,Twitter,Twitter
2020-11-03,Twitter__20,Twitter__18,Twitter,Twitter
2020-11-03,Twitter__4,Twitter__4,Twitter,Twitter
2020-11-03,Twitter__6,Twitter__39,Twitter,Twitter
2020-11-03,Twitter__9,Twitter__9,Twitter,Twitter
2020-11-03,Twitter__9,Twitter__9,Twitter,Twitter
2020-11-03,Twitter__9,Twitter__9,Twitter,Twitter
2020-11-03,Twitter__9,Twitter__9,Twitter,Twitter
2020-11-03,Twitter__9,Twitter__9,Twitter,Twitter
2020-11-03,Twitter__9,Twitter__9,Twitter,Twitter
2020-11-03,Twitter__9,Twitter__9,Twitter,Twitter
2020-11-03,Twitter__13,Twitter__13,Twitter,Twitter
2020-11-03,Twitter__6,Twitter__6,Twitter,Twitter
2020-11-03,Twitter__10,Twitter__10,Twitter,Twitter
2020-11-03,Twitter__10,Twitter__10,Twitter,Twitter
2020-11-03,Twitter__10,Twitter__10,Twitter,Twitter
2020-11-03,Twitter__10,Twitter__10,Twitter,Twitter
2020-11-03,Twitter__10,Twitter__10,Twitter,Twitter
2020-11-03,Twitter__9,Twitter__9,Twitter,Twitter
2020-11-03,Twitter__4,Twitter__4,Twitter,Twitter
2020-11-03,Twitter__10,Twitter__10,Twitter,Twitter
2020-11-03,Twitter__10,Twitter__10,Twitter,Twitter
2020-11-03,Twitter__20,Twitter__18,Twitter,Twitter
2020-11-03,Twitter__9,Twitter__9,Twitter,Twitter
2020-11-03,Twitter__10,Twitter__10,Twitter,Twitter
2020-11-02,Twitter__26,YouTube__60,Twitter,YouTube
2020-11-02,TG__130,YouTube__37,TG,YouTube
2020-11-02,TG__74,YouTube__3,TG,YouTube
2020-11-02,TG__74,YouTube__3,TG,YouTube
2020-11-02,TG__74,YouTube__3,TG,YouTube
2020-11-03,TG__74,YouTube__3,TG,YouTube
2020-11-02,TG__73,YouTube__3,TG,YouTube
2020-11-03,TG__73,YouTube__3,TG,YouTube
2020-11-02,TG__157,YouTube__60,TG,YouTube
2020-11-03,TG__159,YouTube__13,TG,YouTube
2020-11-03,TG__159,YouTube__15,TG,YouTube
2020-11-01,Twitter__21,YouTube__60,Twitter,YouTube
2020-11-02,Twitter__26,YouTube__60,Twitter,YouTube
2020-11-02,Twitter__26,YouTube__60,Twitter,YouTube
2020-11-02,VK__9,YouTube__37,VK,YouTube
2020-11-02,TG__201,YouTube__14,TG,YouTube
2020-11-02,TG__73,YouTube__3,TG,YouTube
2020-11-02,TG__73,YouTube__3,TG,YouTube
2020-11-03,TG__73,YouTube__15,TG,YouTube
2020-11-02,Bitchute__34,Bitchute__34,Bitchute,Bitchute
2020-11-02,Bitchute__34,Bitchute__34,Bitchute,Bitchute
2020-11-03,Bitchute__31,Bitchute__34,Bitchute,Bitchute
2020-11-02,Bitchute__34,Bitchute__34,Bitchute,Bitchute
2020-11-02,Bitchute__14,Bitchute__43,Bitchute,Bitchute
2020-11-02,Gab__10,Bitchute__32,Gab,Bitchute
2020-11-02,Gab__93,Bitchute__32,Gab,Bitchute
2020-11-02,Gab__10,Bitchute__32,Gab,Bitchute
2020-11-02,Gab__422,Gab__422,Gab,Gab
2020-11-01,4Chan__1,4Chan__1,4Chan,4Chan
2020-11-01,4Chan__1,4Chan__1,4Chan,4Chan
2020-11-01,4Chan__1,4Chan__1,4Chan,4Chan
2020-11-01,4Chan__1,4Chan__1,4Chan,4Chan
2020-11-01,4Chan__1,4Chan__1,4Chan,4Chan
2020-11-01,4Chan__1,4Chan__1,4Chan,4Chan
2020-11-01,4Chan__1,4Chan__1,4Chan,4Chan
2020-11-01,4Chan__1,4Chan__1,4Chan,4Chan
2020-11-01,4Chan__1,4Chan__1,4Chan,4Chan
2020-11-01,4Chan__1,4Chan__1,4Chan,4Chan
2020-11-01,4Chan__1,4Chan__1,4Chan,4Chan
2020-11-01,4Chan__1,4Chan__1,4Chan,4Chan
2020-11-02,4Chan__1,4Chan__1,4Chan,4Chan
2020-11-01,4Chan__1,4Chan__1,4Chan,4Chan
2020-11-03,4Chan__1,4Chan__1,4Chan,4Chan
2020-11-01,4Chan__1,4Chan__1,4Chan,4Chan
2020-11-02,4Chan__1,4Chan__1,4Chan,4Chan
2020-11-01,4Chan__1,4Chan__1,4Chan,4Chan
2020-11-01,4Chan__1,4Chan__1,4Chan,4Chan
2020-11-01,4Chan__1,4Chan__1,4Chan,4Chan
2020-11-02,4Chan__1,4Chan__1,4Chan,4Chan
2020-11-02,4Chan__1,4Chan__1,4Chan,4Chan
2020-11-02,4Chan__1,4Chan__1,4Chan,4Chan
2020-11-02,4Chan__1,4Chan__1,4Chan,4Chan
2020-11-02,4Chan__1,4Chan__1,4Chan,4Chan
2020-11-02,4Chan__1,4Chan__1,4Chan,4Chan
2020-11-02,4Chan__1,4Chan__1,4Chan,4Chan
2020-11-02,4Chan__1,4Chan__1,4Chan,4Chan
2020-11-01,4Chan__1,4Chan__1,4Chan,4Chan
2020-11-02,4Chan__1,4Chan__1,4Chan,4Chan
2020-11-01,4Chan__1,4Chan__1,4Chan,4Chan
2020-11-02,4Chan__1,4Chan__1,4Chan,4Chan
2020-11-01,4Chan__1,4Chan__1,4Chan,4Chan
2020-11-01,4Chan__1,4Chan__1,4Chan,4Chan
2020-11-01,4Chan__1,4Chan__1,4Chan,4Chan
2020-11-01,4Chan__1,4Chan__1,4Chan,4Chan
2020-11-01,4Chan__1,4Chan__1,4Chan,4Chan
2020-11-01,4Chan__1,4Chan__1,4Chan,4Chan
2020-11-01,4Chan__1,4Chan__1,4Chan,4Chan
2020-11-01,4Chan__1,4Chan__1,4Chan,4Chan
2020-11-02,4Chan__1,Bitchute__33,4Chan,Bitchute
2020-11-02,4Chan__1,Bitchute__154,4Chan,Bitchute
2020-11-03,4Chan__1,Bitchute__154,4Chan,Bitchute
2020-11-01,Bitchute__26,Bitchute__76,Bitchute,Bitchute
2020-11-01,Bitchute__5,Bitchute__5,Bitchute,Bitchute
2020-11-03,Bitchute__22,Bitchute__100,Bitchute,Bitchute
2020-11-02,Bitchute__2,Bitchute__114,Bitchute,Bitchute
2020-11-01,Bitchute__22,Bitchute__22,Bitchute,Bitchute
2020-11-01,Bitchute__2,Bitchute__22,Bitchute,Bitchute
2020-11-01,4Chan__1,Bitchute__111,4Chan,Bitchute
2020-11-01,4Chan__1,Bitchute__53,4Chan,Bitchute
2020-11-01,Gab__30,Bitchute__156,Gab,Bitchute
2020-11-01,4Chan__1,Bitchute__142,4Chan,Bitchute
2020-11-01,4Chan__1,Bitchute__146,4Chan,Bitchute
2020-11-01,Gab__30,Bitchute__156,Gab,Bitchute
2020-11-01,4Chan__1,Bitchute__128,4Chan,Bitchute
2020-11-01,4Chan__1,Bitchute__174,4Chan,Bitchute
2020-11-01,4Chan__1,Bitchute__111,4Chan,Bitchute
2020-11-01,4Chan__1,Bitchute__53,4Chan,Bitchute
2020-11-01,4Chan__1,Bitchute__128,4Chan,Bitchute
2020-11-01,4Chan__1,Bitchute__128,4Chan,Bitchute
2020-11-01,4Chan__1,Bitchute__128,4Chan,Bitchute
2020-11-01,4Chan__1,Bitchute__128,4Chan,Bitchute
2020-11-01,4Chan__1,Bitchute__128,4Chan,Bitchute
2020-11-02,4Chan__1,Bitchute__92,4Chan,Bitchute
2020-11-02,Gab__30,Bitchute__24,Gab,Bitchute
2020-11-02,4Chan__1,Bitchute__146,4Chan,Bitchute
2020-11-02,4Chan__1,Bitchute__108,4Chan,Bitchute
2020-11-02,Gab__30,Bitchute__156,Gab,Bitchute
2020-11-02,4Chan__1,Bitchute__128,4Chan,Bitchute
2020-11-02,4Chan__1,Bitchute__111,4Chan,Bitchute
2020-11-02,4Chan__1,Bitchute__53,4Chan,Bitchute
2020-11-02,4Chan__1,Bitchute__8,4Chan,Bitchute
2020-11-03,4Chan__1,Bitchute__174,4Chan,Bitchute
2020-11-03,4Chan__1,Bitchute__128,4Chan,Bitchute
2020-11-03,4Chan__1,Bitchute__174,4Chan,Bitchute
2020-11-03,Gab__40,Bitchute__90,Gab,Bitchute
2020-11-03,4Chan__1,Bitchute__146,4Chan,Bitchute
2020-11-03,Gab__55,Bitchute__73,Gab,Bitchute
2020-11-03,4Chan__1,Bitchute__111,4Chan,Bitchute
2020-11-03,4Chan__1,Bitchute__146,4Chan,Bitchute
2020-11-03,4Chan__1,Bitchute__111,4Chan,Bitchute
2020-11-03,4Chan__1,Bitchute__146,4Chan,Bitchute
2020-11-03,4Chan__1,Bitchute__111,4Chan,Bitchute
2020-11-03,4Chan__1,Bitchute__146,4Chan,Bitchute
2020-11-03,Twitter__32,Twitter__17,Twitter,Twitter
2020-11-03,Twitter__18,Twitter__18,Twitter,Twitter
2020-11-03,Twitter__18,Twitter__18,Twitter,Twitter
2020-11-03,Twitter__18,Twitter__18,Twitter,Twitter
2020-11-03,Twitter__18,Twitter__18,Twitter,Twitter
2020-11-03,Twitter__18,Twitter__18,Twitter,Twitter
2020-11-03,Twitter__36,Twitter__36,Twitter,Twitter
2020-11-03,Twitter__18,Twitter__18,Twitter,Twitter
2020-11-03,Twitter__36,Twitter__36,Twitter,Twitter
2020-11-03,Twitter__18,Twitter__18,Twitter,Twitter
2020-11-03,Twitter__36,Twitter__36,Twitter,Twitter
2020-11-03,Twitter__18,Twitter__18,Twitter,Twitter
2020-11-03,Twitter__18,Twitter__18,Twitter,Twitter
2020-11-03,Twitter__18,Twitter__18,Twitter,Twitter
2020-11-03,Twitter__18,Twitter__18,Twitter,Twitter
2020-11-03,Twitter__36,Twitter__36,Twitter,Twitter
2020-11-03,Twitter__18,Twitter__18,Twitter,Twitter
2020-11-03,Twitter__18,Twitter__18,Twitter,Twitter
2020-11-03,Twitter__18,Twitter__18,Twitter,Twitter
2020-11-03,Twitter__18,Twitter__18,Twitter,Twitter
2020-11-03,Twitter__36,Twitter__36,Twitter,Twitter
2020-11-03,Twitter__36,Twitter__36,Twitter,Twitter
2020-11-03,Twitter__18,Twitter__18,Twitter,Twitter
2020-11-03,Twitter__18,Twitter__18,Twitter,Twitter
2020-11-03,Twitter__18,Twitter__18,Twitter,Twitter
2020-11-03,Twitter__18,Twitter__18,Twitter,Twitter
2020-11-03,Twitter__18,Twitter__18,Twitter,Twitter
2020-11-03,Twitter__18,Twitter__18,Twitter,Twitter
2020-11-03,Twitter__18,Twitter__18,Twitter,Twitter
2020-11-03,Twitter__18,Twitter__18,Twitter,Twitter
2020-11-03,Twitter__18,Twitter__18,Twitter,Twitter
2020-11-03,Twitter__18,Twitter__18,Twitter,Twitter
2020-11-03,Twitter__18,Twitter__18,Twitter,Twitter
2020-11-03,Twitter__18,Twitter__18,Twitter,Twitter
2020-11-03,Twitter__18,Twitter__18,Twitter,Twitter
2020-11-03,Twitter__18,Twitter__18,Twitter,Twitter
2020-11-03,Twitter__18,Twitter__18,Twitter,Twitter
2020-11-03,Twitter__18,Twitter__18,Twitter,Twitter
2020-11-03,Twitter__18,Twitter__18,Twitter,Twitter
2020-11-03,Twitter__18,Twitter__18,Twitter,Twitter
2020-11-03,Twitter__18,Twitter__18,Twitter,Twitter
2020-11-03,Twitter__18,Twitter__18,Twitter,Twitter
2020-11-03,Twitter__18,Twitter__18,Twitter,Twitter
2020-11-03,Twitter__18,Twitter__18,Twitter,Twitter
2020-11-03,Twitter__18,Twitter__18,Twitter,Twitter
2020-11-03,Twitter__36,Twitter__36,Twitter,Twitter
2020-11-02,Twitter__18,Twitter__18,Twitter,Twitter
2020-11-02,Twitter__18,Twitter__18,Twitter,Twitter
2020-11-02,Twitter__18,Twitter__18,Twitter,Twitter
2020-11-02,Twitter__37,Twitter__37,Twitter,Twitter
2020-11-02,Twitter__36,Twitter__36,Twitter,Twitter
2020-11-02,Twitter__36,Twitter__36,Twitter,Twitter
2020-11-02,Twitter__36,Twitter__36,Twitter,Twitter
2020-11-02,Twitter__36,Twitter__36,Twitter,Twitter
2020-11-02,Twitter__37,Twitter__37,Twitter,Twitter
2020-11-02,Twitter__18,Twitter__18,Twitter,Twitter
2020-11-02,Twitter__18,Twitter__18,Twitter,Twitter
2020-11-02,Twitter__18,Twitter__18,Twitter,Twitter
2020-11-02,Twitter__18,Twitter__18,Twitter,Twitter
2020-11-01,Twitter__18,Twitter__18,Twitter,Twitter
2020-11-01,Twitter__36,Twitter__36,Twitter,Twitter
2020-11-01,Twitter__37,Twitter__37,Twitter,Twitter
2020-11-01,Twitter__22,Twitter__16,Twitter,Twitter
2020-11-01,Twitter__36,Twitter__36,Twitter,Twitter
2020-11-01,Twitter__18,Twitter__18,Twitter,Twitter
2020-11-01,Twitter__36,Twitter__36,Twitter,Twitter
2020-11-02,Twitter__18,Twitter__18,Twitter,Twitter
2020-11-02,Twitter__36,Twitter__36,Twitter,Twitter
2020-11-02,Twitter__18,Twitter__18,Twitter,Twitter
2020-11-02,Twitter__36,Twitter__36,Twitter,Twitter
2020-11-02,Twitter__18,Twitter__18,Twitter,Twitter
2020-11-03,Twitter__36,Twitter__36,Twitter,Twitter
2020-11-03,Twitter__18,Twitter__18,Twitter,Twitter
2020-11-03,Twitter__18,Twitter__18,Twitter,Twitter
2020-11-03,Twitter__18,Twitter__18,Twitter,Twitter
2020-11-03,Twitter__18,Twitter__18,Twitter,Twitter
2020-11-03,Twitter__18,Twitter__18,Twitter,Twitter
2020-11-03,Twitter__18,Twitter__18,Twitter,Twitter
2020-11-03,Twitter__18,Twitter__18,Twitter,Twitter
2020-11-01,Twitter__15,Twitter__15,Twitter,Twitter
2020-11-02,Twitter__48,Twitter__48,Twitter,Twitter
2020-11-02,Twitter__48,Twitter__48,Twitter,Twitter
2020-11-03,Twitter__17,Twitter__17,Twitter,Twitter
2020-11-03,Twitter__15,Twitter__15,Twitter,Twitter
2020-11-03,Twitter__39,Twitter__6,Twitter,Twitter
2020-11-03,Twitter__7,Twitter__7,Twitter,Twitter
2020-11-03,Twitter__48,Twitter__48,Twitter,Twitter
2020-11-03,Twitter__48,Twitter__48,Twitter,Twitter
2020-11-03,Twitter__2,Twitter__2,Twitter,Twitter
2020-11-03,Twitter__8,Twitter__8,Twitter,Twitter
2020-11-02,Twitter__8,Twitter__8,Twitter,Twitter
2020-11-02,Twitter__8,Twitter__8,Twitter,Twitter
2020-11-01,Twitter__8,Twitter__6,Twitter,Twitter
2020-11-02,4Chan__1,YouTube__50,4Chan,YouTube
2020-11-03,4Chan__1,YouTube__12,4Chan,YouTube
2020-11-02,4Chan__1,YouTube__12,4Chan,YouTube
2020-11-01,4Chan__1,YouTube__1,4Chan,YouTube
2020-11-02,4Chan__1,YouTube__13,4Chan,YouTube
2020-11-01,4Chan__1,YouTube__48,4Chan,YouTube
2020-11-01,YouTube__29,YouTube__29,YouTube,YouTube
2020-11-02,YouTube__10,YouTube__10,YouTube,YouTube
2020-11-01,YouTube__21,YouTube__21,YouTube,YouTube
2020-11-03,YouTube__22,YouTube__22,YouTube,YouTube
2020-11-03,YouTube__22,YouTube__22,YouTube,YouTube
2020-11-02,TG__208,YouTube__3,TG,YouTube
2020-11-02,TG__208,YouTube__3,TG,YouTube
2020-11-02,TG__208,YouTube__3,TG,YouTube
2020-11-03,TG__208,YouTube__3,TG,YouTube
2020-11-03,4Chan__1,YouTube__12,4Chan,YouTube
2020-11-03,4Chan__1,YouTube__12,4Chan,YouTube
2020-11-03,4Chan__1,YouTube__4,4Chan,YouTube
2020-11-02,4Chan__1,YouTube__12,4Chan,YouTube
2020-11-03,VK__9,YouTube__26,VK,YouTube
2020-11-01,4Chan__1,4Chan__1,4Chan,4Chan
2020-11-01,4Chan__1,4Chan__1,4Chan,4Chan
2020-11-01,4Chan__1,4Chan__1,4Chan,4Chan
2020-11-01,4Chan__1,4Chan__1,4Chan,4Chan
2020-11-01,4Chan__1,4Chan__1,4Chan,4Chan
2020-11-01,4Chan__1,4Chan__1,4Chan,4Chan
2020-11-01,4Chan__1,4Chan__1,4Chan,4Chan
2020-11-01,4Chan__1,4Chan__1,4Chan,4Chan
2020-11-01,4Chan__1,4Chan__1,4Chan,4Chan
2020-11-01,4Chan__1,4Chan__1,4Chan,4Chan
2020-11-01,4Chan__1,4Chan__1,4Chan,4Chan
2020-11-01,Gab__55,4Chan__1,Gab,4Chan
2020-11-01,Gab__55,4Chan__1,Gab,4Chan
2020-11-01,4Chan__1,4Chan__1,4Chan,4Chan
2020-11-01,4Chan__1,4Chan__1,4Chan,4Chan
2020-11-01,4Chan__1,4Chan__1,4Chan,4Chan
2020-11-01,4Chan__1,4Chan__1,4Chan,4Chan
2020-11-01,4Chan__1,4Chan__1,4Chan,4Chan
2020-11-01,4Chan__1,4Chan__1,4Chan,4Chan
2020-11-01,4Chan__1,4Chan__1,4Chan,4Chan
2020-11-01,4Chan__1,4Chan__1,4Chan,4Chan
2020-11-01,4Chan__1,4Chan__1,4Chan,4Chan
2020-11-01,4Chan__1,4Chan__1,4Chan,4Chan
2020-11-01,4Chan__1,4Chan__1,4Chan,4Chan
2020-11-01,4Chan__1,4Chan__1,4Chan,4Chan
2020-11-01,4Chan__1,4Chan__1,4Chan,4Chan
2020-11-01,4Chan__1,4Chan__1,4Chan,4Chan
2020-11-01,4Chan__1,4Chan__1,4Chan,4Chan
2020-11-01,4Chan__1,4Chan__1,4Chan,4Chan
2020-11-01,4Chan__1,4Chan__1,4Chan,4Chan
2020-11-01,4Chan__1,4Chan__1,4Chan,4Chan
2020-11-01,4Chan__1,4Chan__1,4Chan,4Chan
2020-11-01,4Chan__1,4Chan__1,4Chan,4Chan
2020-11-01,4Chan__1,4Chan__1,4Chan,4Chan
2020-11-01,4Chan__1,4Chan__1,4Chan,4Chan
2020-11-01,4Chan__1,4Chan__1,4Chan,4Chan
2020-11-01,4Chan__1,4Chan__1,4Chan,4Chan
2020-11-01,4Chan__1,4Chan__1,4Chan,4Chan
2020-11-01,4Chan__1,4Chan__1,4Chan,4Chan
2020-11-01,4Chan__1,4Chan__1,4Chan,4Chan
2020-11-01,4Chan__1,4Chan__1,4Chan,4Chan
2020-11-01,4Chan__1,4Chan__1,4Chan,4Chan
2020-11-01,4Chan__1,4Chan__1,4Chan,4Chan
2020-11-01,4Chan__1,4Chan__1,4Chan,4Chan
2020-11-01,4Chan__1,4Chan__1,4Chan,4Chan
2020-11-01,4Chan__1,4Chan__1,4Chan,4Chan
2020-11-01,4Chan__1,4Chan__1,4Chan,4Chan
2020-11-02,4Chan__1,Bitchute__86,4Chan,Bitchute
2020-11-02,4Chan__1,Bitchute__86,4Chan,Bitchute
2020-11-02,4Chan__1,Bitchute__60,4Chan,Bitchute
2020-11-02,4Chan__1,Bitchute__154,4Chan,Bitchute
2020-11-03,4Chan__1,Bitchute__154,4Chan,Bitchute
2020-11-02,4Chan__1,Bitchute__68,4Chan,Bitchute
2020-11-03,4Chan__1,Bitchute__154,4Chan,Bitchute
2020-11-02,4Chan__1,Bitchute__154,4Chan,Bitchute
2020-11-03,Bitchute__2,Bitchute__155,Bitchute,Bitchute
2020-11-03,Bitchute__20,Bitchute__114,Bitchute,Bitchute
2020-11-03,Bitchute__157,Bitchute__114,Bitchute,Bitchute
2020-11-01,Bitchute__44,Bitchute__32,Bitchute,Bitchute
2020-11-03,Bitchute__31,Bitchute__6,Bitchute,Bitchute
2020-11-03,TG__266,Bitchute__47,TG,Bitchute
2020-11-03,Bitchute__31,Bitchute__111,Bitchute,Bitchute
2020-11-01,Bitchute__6,Bitchute__141,Bitchute,Bitchute
2020-11-01,Bitchute__24,Bitchute__44,Bitchute,Bitchute
2020-11-01,Bitchute__2,Bitchute__15,Bitchute,Bitchute
2020-11-03,Rumble__7,Rumble__7,Rumble,Rumble
2020-11-03,Rumble__7,Rumble__7,Rumble,Rumble
2020-11-02,Rumble__7,Rumble__7,Rumble,Rumble
2020-11-01,Rumble__7,Rumble__7,Rumble,Rumble
2020-11-01,Rumble__7,Rumble__7,Rumble,Rumble
2020-11-03,VK__60,TG__155,VK,TG
2020-11-01,TG__75,TG__45,TG,TG
2020-11-01,TG__75,TG__142,TG,TG
2020-11-01,TG__75,TG__211,TG,TG
2020-11-03,TG__75,TG__152,TG,TG
2020-11-02,TG__158,TG__146,TG,TG
2020-11-02,TG__123,TG__146,TG,TG
2020-11-02,TG__72,TG__146,TG,TG
2020-11-03,TG__72,TG__218,TG,TG
2020-11-01,TG__222,TG__218,TG,TG
2020-11-01,TG__222,TG__218,TG,TG
2020-11-01,TG__222,TG__146,TG,TG
2020-11-01,TG__222,TG__146,TG,TG
2020-11-01,TG__222,TG__146,TG,TG
2020-11-01,TG__222,TG__218,TG,TG
2020-11-01,TG__222,TG__218,TG,TG
2020-11-01,TG__222,TG__218,TG,TG
2020-11-01,TG__222,TG__218,TG,TG
2020-11-02,TG__222,TG__218,TG,TG
2020-11-02,TG__222,TG__146,TG,TG
2020-11-02,TG__222,TG__146,TG,TG
2020-11-02,TG__222,TG__218,TG,TG
2020-11-02,TG__222,TG__218,TG,TG
2020-11-03,TG__222,TG__218,TG,TG
2020-11-02,TG__208,TG__146,TG,TG
2020-11-02,TG__45,TG__45,TG,TG
2020-11-03,TG__204,TG__152,TG,TG
2020-11-02,TG__143,TG__170,TG,TG
2020-11-02,TG__25,TG__170,TG,TG
2020-11-02,TG__148,TG__170,TG,TG
2020-11-02,TG__52,TG__146,TG,TG
2020-11-01,Twitter__38,Twitter__38,Twitter,Twitter
2020-11-02,4Chan__1,Twitter__37,4Chan,Twitter
2020-11-03,4Chan__1,Twitter__13,4Chan,Twitter
2020-11-03,4Chan__1,Twitter__13,4Chan,Twitter
2020-11-03,4Chan__1,Twitter__13,4Chan,Twitter
2020-11-03,4Chan__1,Twitter__13,4Chan,Twitter
2020-11-02,Twitter__15,Twitter__15,Twitter,Twitter
2020-11-02,Twitter__2,Twitter__2,Twitter,Twitter
2020-11-03,Twitter__8,Twitter__8,Twitter,Twitter
2020-11-02,Twitter__8,Twitter__8,Twitter,Twitter
2020-11-01,TG__159,Twitter__4,TG,Twitter
2020-11-01,TG__50,Twitter__16,TG,Twitter
2020-11-02,TG__50,Twitter__6,TG,Twitter
2020-11-03,VK__73,VK__73,VK,VK
2020-11-03,VK__154,VK__154,VK,VK
2020-11-02,VK__154,VK__154,VK,VK
2020-11-03,VK__145,VK__145,VK,VK
2020-11-03,VK__145,VK__145,VK,VK
2020-11-02,VK__154,VK__154,VK,VK
2020-11-02,VK__145,VK__145,VK,VK
2020-11-01,4Chan__1,YouTube__28,4Chan,YouTube
2020-11-01,4Chan__1,YouTube__1,4Chan,YouTube
2020-11-02,4Chan__1,YouTube__12,4Chan,YouTube
2020-11-03,4Chan__1,YouTube__12,4Chan,YouTube
2020-11-01,YouTube__12,YouTube__1,YouTube,YouTube
2020-11-01,YouTube__1,YouTube__1,YouTube,YouTube
2020-11-01,YouTube__1,YouTube__1,YouTube,YouTube
2020-11-01,YouTube__1,YouTube__1,YouTube,YouTube
2020-11-03,TG__243,YouTube__15,TG,YouTube
2020-11-02,TG__158,YouTube__3,TG,YouTube
2020-11-02,TG__158,YouTube__3,TG,YouTube
2020-11-02,TG__158,YouTube__3,TG,YouTube
2020-11-03,TG__158,YouTube__3,TG,YouTube
2020-11-02,TG__62,YouTube__13,TG,YouTube
2020-11-02,TG__72,YouTube__3,TG,YouTube
2020-11-02,TG__72,YouTube__3,TG,YouTube
2020-11-02,TG__72,YouTube__3,TG,YouTube
2020-11-03,TG__72,YouTube__3,TG,YouTube
2020-11-02,TG__132,YouTube__37,TG,YouTube
2020-11-03,4Chan__1,YouTube__42,4Chan,YouTube
2020-11-02,4Chan__1,YouTube__4,4Chan,YouTube
2020-11-03,4Chan__1,YouTube__19,4Chan,YouTube
2020-11-03,4Chan__1,YouTube__26,4Chan,YouTube
2020-11-02,TG__158,YouTube__14,TG,YouTube
2020-11-03,4Chan__1,YouTube__19,4Chan,YouTube
2020-11-03,4Chan__1,YouTube__26,4Chan,YouTube
2020-11-03,4Chan__1,YouTube__1,4Chan,YouTube
2020-11-03,4Chan__1,YouTube__12,4Chan,YouTube
2020-11-03,Gab__30,YouTube__15,Gab,YouTube
2020-11-03,4Chan__1,YouTube__12,4Chan,YouTube
2020-11-03,4Chan__1,YouTube__12,4Chan,YouTube
2020-11-03,4Chan__1,YouTube__12,4Chan,YouTube
2020-11-03,4Chan__1,YouTube__12,4Chan,YouTube
2020-11-03,4Chan__1,YouTube__12,4Chan,YouTube
2020-11-03,4Chan__1,YouTube__12,4Chan,YouTube
2020-11-03,4Chan__1,YouTube__12,4Chan,YouTube
2020-11-03,Gab__10,YouTube__48,Gab,YouTube
2020-11-03,4Chan__1,YouTube__27,4Chan,YouTube
2020-11-03,4Chan__1,YouTube__19,4Chan,YouTube
2020-11-03,4Chan__1,YouTube__21,4Chan,YouTube
2020-11-03,4Chan__1,YouTube__21,4Chan,YouTube
2020-11-03,4Chan__1,YouTube__19,4Chan,YouTube
2020-11-03,4Chan__1,YouTube__26,4Chan,YouTube
2020-11-03,4Chan__1,YouTube__6,4Chan,YouTube
2020-11-03,4Chan__1,YouTube__21,4Chan,YouTube
2020-11-03,4Chan__1,YouTube__21,4Chan,YouTube
2020-11-03,4Chan__1,YouTube__21,4Chan,YouTube
2020-11-03,4Chan__1,YouTube__21,4Chan,YouTube
2020-11-03,4Chan__1,YouTube__13,4Chan,YouTube
2020-11-03,4Chan__1,YouTube__19,4Chan,YouTube
2020-11-03,4Chan__1,YouTube__26,4Chan,YouTube
2020-11-03,4Chan__1,YouTube__4,4Chan,YouTube
2020-11-03,4Chan__1,YouTube__4,4Chan,YouTube
2020-11-03,4Chan__1,YouTube__4,4Chan,YouTube
2020-11-03,4Chan__1,YouTube__4,4Chan,YouTube
2020-11-03,4Chan__1,YouTube__4,4Chan,YouTube
2020-11-03,4Chan__1,YouTube__45,4Chan,YouTube
2020-11-03,4Chan__1,YouTube__6,4Chan,YouTube
2020-11-03,4Chan__1,YouTube__28,4Chan,YouTube
2020-11-03,4Chan__1,YouTube__4,4Chan,YouTube
2020-11-03,4Chan__1,YouTube__4,4Chan,YouTube
2020-11-03,4Chan__1,YouTube__4,4Chan,YouTube
2020-11-03,4Chan__1,YouTube__4,4Chan,YouTube
2020-11-03,4Chan__1,YouTube__4,4Chan,YouTube
2020-11-03,4Chan__1,YouTube__4,4Chan,YouTube
2020-11-03,4Chan__1,YouTube__21,4Chan,YouTube
2020-11-03,4Chan__1,YouTube__21,4Chan,YouTube
2020-11-03,4Chan__1,YouTube__21,4Chan,YouTube
2020-11-03,4Chan__1,YouTube__21,4Chan,YouTube
2020-11-03,4Chan__1,YouTube__28,4Chan,YouTube
2020-11-01,4Chan__1,YouTube__21,4Chan,YouTube
2020-11-01,4Chan__1,YouTube__14,4Chan,YouTube
2020-11-01,4Chan__1,YouTube__21,4Chan,YouTube
2020-11-01,4Chan__1,YouTube__21,4Chan,YouTube
2020-11-01,4Chan__1,YouTube__14,4Chan,YouTube
2020-11-01,4Chan__1,YouTube__8,4Chan,YouTube
2020-11-01,4Chan__1,YouTube__8,4Chan,YouTube
2020-11-01,4Chan__1,YouTube__21,4Chan,YouTube
2020-11-01,4Chan__1,YouTube__4,4Chan,YouTube
2020-11-01,4Chan__1,YouTube__12,4Chan,YouTube
2020-11-01,Gab__10,YouTube__48,Gab,YouTube
2020-11-01,Gab__10,YouTube__48,Gab,YouTube
2020-11-01,4Chan__1,YouTube__21,4Chan,YouTube
2020-11-01,4Chan__1,YouTube__21,4Chan,YouTube
2020-11-01,4Chan__1,YouTube__21,4Chan,YouTube
2020-11-02,4Chan__1,YouTube__14,4Chan,YouTube
2020-11-02,4Chan__1,YouTube__14,4Chan,YouTube
2020-11-02,4Chan__1,YouTube__4,4Chan,YouTube
2020-11-02,4Chan__1,YouTube__55,4Chan,YouTube
2020-11-02,4Chan__1,YouTube__42,4Chan,YouTube
2020-11-02,4Chan__1,YouTube__14,4Chan,YouTube
2020-11-02,4Chan__1,YouTube__39,4Chan,YouTube
2020-11-03,4Chan__1,YouTube__39,4Chan,YouTube
2020-11-03,4Chan__1,YouTube__55,4Chan,YouTube
2020-11-03,4Chan__1,YouTube__39,4Chan,YouTube
2020-11-03,4Chan__1,YouTube__39,4Chan,YouTube
2020-11-03,4Chan__1,YouTube__39,4Chan,YouTube
2020-11-03,Gab__10,YouTube__14,Gab,YouTube
2020-11-03,4Chan__1,YouTube__39,4Chan,YouTube
2020-11-03,4Chan__1,YouTube__39,4Chan,YouTube
2020-11-03,4Chan__1,YouTube__39,4Chan,YouTube
2020-11-03,4Chan__1,YouTube__42,4Chan,YouTube
2020-11-03,4Chan__1,YouTube__42,4Chan,YouTube
2020-11-03,4Chan__1,YouTube__21,4Chan,YouTube
2020-11-03,4Chan__1,YouTube__21,4Chan,YouTube
2020-11-03,4Chan__1,YouTube__21,4Chan,YouTube
2020-11-03,4Chan__1,YouTube__42,4Chan,YouTube
2020-11-03,4Chan__1,YouTube__42,4Chan,YouTube
2020-11-03,4Chan__1,YouTube__4,4Chan,YouTube
2020-11-03,4Chan__1,YouTube__61,4Chan,YouTube
2020-11-03,4Chan__1,YouTube__4,4Chan,YouTube
2020-11-03,Gab__30,YouTube__10,Gab,YouTube
2020-11-03,4Chan__1,YouTube__21,4Chan,YouTube
2020-11-03,4Chan__1,YouTube__21,4Chan,YouTube
2020-11-01,4Chan__1,YouTube__25,4Chan,YouTube
2020-11-03,VK__8,YouTube__26,VK,YouTube
2020-11-02,4Chan__1,YouTube__12,4Chan,YouTube
2020-11-03,4Chan__1,YouTube__12,4Chan,YouTube
2020-11-02,TG__139,YouTube__3,TG,YouTube
2020-11-02,TG__139,YouTube__3,TG,YouTube
2020-11-02,TG__139,YouTube__3,TG,YouTube
2020-11-03,TG__139,YouTube__3,TG,YouTube
2020-11-02,TG__68,YouTube__3,TG,YouTube
2020-11-02,TG__68,YouTube__3,TG,YouTube
2020-11-02,TG__68,YouTube__3,TG,YouTube
2020-11-03,TG__68,YouTube__3,TG,YouTube
2020-11-02,VK__8,YouTube__37,VK,YouTube
2020-11-03,VK__15,YouTube__61,VK,YouTube
